사업장명,도로명전체주소
봉플라봉뱅,"제주특별자치도 제주시 문송1길 6-1, 정인하우스 1층 (연동)"
스톤아일랜드탭하우스,"제주특별자치도 제주시 삼무로7길 16, 1층 (연동)"
연화양꼬치,"제주특별자치도 제주시 연동8길 28, 1층 105,106호 (연동)"
24시누름돌김치찌개,"제주특별자치도 제주시 노연로 146, 1층 (연동)"
미연이네집,"제주특별자치도 제주시 삼무로7길 34, 삼무주택 1층 (연동)"
영화루,"제주특별자치도 제주시 사장길 15-1, 1층 (연동)"
성두길일오포차,"제주특별자치도 제주시 성두길 15, 1층 (연동)"
앤드앤드,"제주특별자치도 제주시 연동4길 28-16, 1층 102호 (연동, 뉴전원빌라)"
티엔미미,"제주특별자치도 제주시 연동4길 8, 1,2층 (연동)"
아하,"제주특별자치도 제주시 은남1길 31, 3층 (연동)"
젠틀래빗제주연동점,"제주특별자치도 제주시 연동12길 4, 15층 (연동)"
신제주황가네,"제주특별자치도 제주시 은남3길 28, 1층 (연동)"
가나포차,"제주특별자치도 제주시 신대로20길 46, 지하1층 (연동, 연동가나휘닉스1)"
꼬지사께연동점,"제주특별자치도 제주시 국기로4길 1, 1층 (연동)"
서머셋,"제주특별자치도 제주시 삼무로 66, 1층 (연동)"
때지국수,"제주특별자치도 제주시 신광로8길 3, 1층 (연동)"
연동혼떡,"제주특별자치도 제주시 신대로12길 51, 로얄쇼핑센타및오피스텔 지하2층 20호 (연동)"
오키니,"제주특별자치도 제주시 연화로2길 8, 1층 (연동)"
돈삼겹한라점,"제주특별자치도 제주시 연화로 51, 1층 (연동)"
오족누와오과누,"제주특별자치도 제주시 신광로 103, 신제주오피스텔 1층 105호 (연동)"
곰돌이숯불갈비,"제주특별자치도 제주시 일주서로 7852, 1층 (연동)"
호야네집,"제주특별자치도 제주시 연화로1길 6-1, 1층 (연동)"
맛깔참죽신제주점,"제주특별자치도 제주시 도령로 111, 1층 (연동, 진호뉴캐슬)"
똥광,"제주특별자치도 제주시 신대로19길 13-1, 1층 (연동)"
메종글래드제주부처,"제주특별자치도 제주시 노연로 80, 메종글래드 제주 1층 (연동)"
명호,"제주특별자치도 제주시 신대로12길 15, 1층 (연동)"
역전할머니맥주연동점,"제주특별자치도 제주시 노연로 108, 1층 (연동)"
곱창이야기연동점,"제주특별자치도 제주시 신대로14길 43, 1층 (연동)"
빼어날수,"제주특별자치도 제주시 연동6길 11, 1층 (연동)"
동궁찜닭,"제주특별자치도 제주시 성신로1길 21, 1층 (연동)"
넝쿨하눌연동,"제주특별자치도 제주시 신대로7길 17, 1층 (연동)"
커피마마제주연동점,"제주특별자치도 제주시 연동7길 8, 1층 (연동)"
수목이네,"제주특별자치도 제주시 연오로 6, 1층 (연동)"
또온다곱창,"제주특별자치도 제주시 은남길 30, 1층 (연동)"
국밥앤몸국전문점,"제주특별자치도 제주시 삼무로 72, 1층 (연동)"
여인천하,"제주특별자치도 제주시 신대로16길 43, 광성빌딩 2층 (연동)"
세련대게,"제주특별자치도 제주시 노연로 106, 1층 제1호 (연동)"
신제주치킨하우스,"제주특별자치도 제주시 신대로6길 11 (연동,(성두1로15))"
연동송림,"제주특별자치도 제주시 신대로14길 34 (연동,(연중4로50))"
하영올레,제주특별자치도 제주시 연동3길 34 (연동)
우동사발,제주특별자치도 제주시 삼무로11길 24 (연동)
제주노조미,"제주특별자치도 제주시 국기로2길 2-3, 1층 (연동)"
주식회사제주피자헛지점,제주특별자치도 제주시 삼무로 78 (연동)
미담,"제주특별자치도 제주시 선덕로3길 28, 1층 (연동)"
가나안,"제주특별자치도 제주시 연화로1길 18 (연동,(연화2로28))"
자리돔전문점,"제주특별자치도 제주시 신대로18길 39 (연동,(사장2로65))"
벤틀리,"제주특별자치도 제주시 연동9길 3, 1층 (연동)"
애향포차,제주특별자치도 제주시 신대로10길 55 (연동)
터보,"제주특별자치도 제주시 신광로 82, 6층 (연동)"
사광,"제주특별자치도 제주시 과원북4길 86 (연동,(과원3로96))"
연동바다장어,제주특별자치도 제주시 삼무로3길 24 (연동)
금정무산시도삭면,제주특별자치도 제주시 제원3길 11 (연동)
또올래,"제주특별자치도 제주시 삼무로3길 14 (연동,(성두5로22))"
라움호텔,제주특별자치도 제주시 신광로10길 1 (연동)
명품대게회타운,제주특별자치도 제주시 삼무로3길 22-1 (연동)
삼성혈해물탕,제주특별자치도 제주시 선덕로5길 20 (연동)
의정,"제주특별자치도 제주시 연동7길 26 (연동,(은남5로34))"
장춘육당,"제주특별자치도 제주시 신대로10길 36, 1층 (연동)"
루팡,제주특별자치도 제주시 신대로10길 49-1 (연동)
소담,제주특별자치도 제주시 신대로15길 2 (연동)
보배반점제주도청점,"제주특별자치도 제주시 귀아랑길 13, 1층 (연동)"
아모르,"제주특별자치도 제주시 신광로10길 22, 2층 (연동)"
이모횟집,"제주특별자치도 제주시 도령로11길 26-5, 108호 (연동)"
한빛,"제주특별자치도 제주시 연동8길 8 (연동,(도호1로10))"
연동탑부평,"제주특별자치도 제주시 신대로18길 16 (연동,삼다연동맨션102호(사장2로26))"
토크쇼신제주점,"제주특별자치도 제주시 신대로20길 22, 1층 (연동)"
몰디브,제주특별자치도 제주시 삼무로3길 14 (연동)
써니,"제주특별자치도 제주시 연동10길 13 (연동,(도호2로19))"
가을,"제주특별자치도 제주시 귀아랑길 27 (연동,(연문1로33))"
해빈촌,"제주특별자치도 제주시 신광로10길 26 (연동,(송천1로36))"
코리아나호텔구내,"제주특별자치도 제주시 은남길 37 (연동,(은남1로8))"
맛동산,"제주특별자치도 제주시 신대로12길 51 (연동,(연중2로71))"
파도국수,"제주특별자치도 제주시 신대로15길 2, 1층 (연동)"
평화가든,"제주특별자치도 제주시 신대로20길 50 (연동,(사장4로76))"
천미르,"제주특별자치도 제주시 신광로8길 5 (연동,(지하1층))"
제원삼계탕,"제주특별자치도 제주시 제원길 16 (연동,(연제1로22))"
해피소울라운지,"제주특별자치도 제주시 신광로10길 27, 지하1층 (연동)"
영건,"제주특별자치도 제주시 신대로16길 44 (연동,(연중6로23))"
고슬,"제주특별자치도 제주시 문송길 22, 1층 (연동)"
연동대복관,제주특별자치도 제주시 신대로 126 (연동)
쎌빠연동점,"제주특별자치도 제주시 신대로14길 50, 2층 (연동)"
제주영재숯불,제주특별자치도 제주시 신광로10길 23 (연동)
디케이치킨신제주점,제주특별자치도 제주시 은남3길 34 (연동)
신제주명동보쌈,"제주특별자치도 제주시 연화중길 13, 1층 (연동)"
인동마을7080,제주특별자치도 제주시 삼무로 61 (연동)
모이세신제주로타리점,"제주특별자치도 제주시 귀아랑길 31 (연동,(연문1로37))"
토크쇼코스모스점,제주특별자치도 제주시 노연로 147 (연동)
엉덩물,"제주특별자치도 제주시 성두길 7-7 (연동,(성두3로21))"
이거스치킨피자밸리신제주점,"제주특별자치도 제주시 노연로 55 (노형동,(연동로136))"
자구내,제주특별자치도 제주시 삼무로3길 18 (연동)
김밥천국연동점,제주특별자치도 제주시 신광로 47 (연동)
나니포차,"제주특별자치도 제주시 신대로12길 9, 1층 (연동)"
(주)지앤엘(양식),제주특별자치도 제주시 삼무로 67 (연동)
연동제일,"제주특별자치도 제주시 연동3길 15 (연동,(연제2로19))"
홍보석,제주특별자치도 제주시 비월길 5 (연동)
강촌숯불닭갈비제주본점,"제주특별자치도 제주시 신대로14길 50, 1층 (연동)"
보롬왓국수,제주특별자치도 제주시 삼무로3길 32 (연동)
순창갈비,"제주특별자치도 제주시 신광로4길 11 (연동,(제원2로21))"
동이트는집신제주점,제주특별자치도 제주시 연동9길 13 (연동)
중원(반점),"제주특별자치도 제주시 삼무로 49, 1층 (연동)"
돈가,"제주특별자치도 제주시 문송길 36 (연동,(문연1로52))"
라멘맛심,제주특별자치도 제주시 신대로9길 7 (연동)
향천회초밥,제주특별자치도 제주시 신대로18길 56 (연동)
(주)지앤엘(한식),"제주특별자치도 제주시 삼무로 67, 2층 (연동)"
(주)세운상사(신한백화점구내),"제주특별자치도 제주시 노연로 100 (연동,,18,52(연동로71))"
산호,제주특별자치도 제주시 신광로4길 17 (연동)
서영이네해돈가,제주특별자치도 제주시 삼무로3길 30 (연동)
제주섬돈,제주특별자치도 제주시 삼무로3길 46 (연동)
만부정,제주특별자치도 제주시 사장길 38 (연동)
오라버니회센타,"제주특별자치도 제주시 연동11길 36, 1층 (연동)"
빨간맛집제원점,제주특별자치도 제주시 신대로16길 51 (연동)
해븐해븐,"제주특별자치도 제주시 은남3길 34, 2층 (연동)"
화통삼신제주점,제주특별자치도 제주시 신광로4길 15 (연동)
경성숯불양꼬치,제주특별자치도 제주시 신대로14길 36 (연동)
우연,제주특별자치도 제주시 신광로6길 2 (연동)
마리나,제주특별자치도 제주시 신대로 45 (연동)
논짓물,제주특별자치도 제주시 신대로12길 41 (연동)
이비가짬뽕연동점,"제주특별자치도 제주시 연오로 134, 1~2층 (연동)"
먹보횟집,제주특별자치도 제주시 연동11길 24 (연동)
장군닭,"제주특별자치도 제주시 신광로6길 2, 1층 (연동)"
카도돈카츠,제주특별자치도 제주시 문송길 19 (연동)
대화,"제주특별자치도 제주시 신대로14길 31 (연동,(연중4로47))"
제주오토코,제주특별자치도 제주시 신대로18길 56 (연동)
뜰,"제주특별자치도 제주시 신광로6길 25, 106호 (연동)"
모임터,"제주특별자치도 제주시 성신북길 30 (연동,(성신9로11))"
바다예찬,"제주특별자치도 제주시 귀아랑길 26, 1층 (연동)"
처음처럼,제주특별자치도 제주시 연동4길 12 (연동)
스페샬연동점,제주특별자치도 제주시 신대로14길 42 (연동)
달빛사랑채,제주특별자치도 제주시 연동4길 6-2 (연동)
삼다정,"제주특별자치도 제주시 노연로 80 (연동,(1층))"
소영,제주특별자치도 제주시 삼무로9길 16 (연동)
거부,제주특별자치도 제주시 제원4길 3 (연동)
(주)지앤엘(중식),"제주특별자치도 제주시 삼무로 67, 2층 (연동)"
문화정식,"제주특별자치도 제주시 문연로 35, 1층 (연동, MBC문화방송국)"
탐라요정신제주점,"제주특별자치도 제주시 연동7길 31, 2층 (연동)"
세안아구찜,"제주특별자치도 제주시 신대로20길 12 (연동,(사장4로16))"
시골길,"제주특별자치도 제주시 연동13길 9 (연동,(은남2로13))"
막창,"제주특별자치도 제주시 연동9길 29 (연동,(은남4로20))"
사나포차연동점,제주특별자치도 제주시 연동8길 21 (연동)
고니,제주특별자치도 제주시 신대로 119 (연동)
강명선샤브샤브,제주특별자치도 제주시 귀아랑길 14 (연동)
토석민속주점,"제주특별자치도 제주시 남녕로6길 3, 1층 (연동)"
송탄부대찌개집,제주특별자치도 제주시 신대로12길 11 (연동)
참맛나흑돼지,제주특별자치도 제주시 신대로8길 29 (연동)
신화파전,제주특별자치도 제주시 신대로14길 49 (연동)
족발신선생제주점,"제주특별자치도 제주시 신대로8길 30, 1층 (연동)"
수목원,"제주특별자치도 제주시 연화로 57 (연동,(과원1로35))"
인생과삶,"제주특별자치도 제주시 신광로10길 29, 지하1층 (연동)"
노형섬마을,제주특별자치도 제주시 신광로10길 17 (연동)
닭가대표연동점,제주특별자치도 제주시 은남3길 1 (연동)
화룡양꼬치,제주특별자치도 제주시 신대로16길 40 (연동)
오월수산장어집,제주특별자치도 제주시 신대로12길 35 (연동)
독도는우리땅,제주특별자치도 제주시 은남길 30 (연동)
나니와,제주특별자치도 제주시 연동3길 36 (연동)
돈앤삼겹,제주특별자치도 제주시 남녕로6길 3 (연동)
삼무삼계탕,제주특별자치도 제주시 신대로10길 55 (연동)
청호정,제주특별자치도 제주시 신대로10길 10 (연동)
로당연동점,"제주특별자치도 제주시 신대로16길 47, 1층 (연동)"
국민닭발,"제주특별자치도 제주시 연동13길 9 (연동,(은남2로13))"
전라도식당,제주특별자치도 제주시 신광로 75 (연동)
비비큐신제주연동점,"제주특별자치도 제주시 신대로20길 34, 1층 (연동)"
미선이네포차,"제주특별자치도 제주시 신광로10길 30, 2층 (연동)"
웬두루치기,제주특별자치도 제주시 제원길 3 (연동)
금화정육식당,제주특별자치도 제주시 도령로11길 23 (연동)
(주)지앤엘(경양식),제주특별자치도 제주시 삼무로 67 (연동)
연예인,제주특별자치도 제주시 삼무로11길 36 (연동)
재벌,"제주특별자치도 제주시 도령로7길 20 (연동,신광아파트106호(성신4로9))"
올레풍경,"제주특별자치도 제주시 신대로 123 (연동,(신대로95))"
해품돈연동본점,"제주특별자치도 제주시 신광로 75, 1층 (연동)"
앞뱅디,제주특별자치도 제주시 선덕로 32 (연동)
오라,"제주특별자치도 제주시 아연로 22, 1층 (연동)"
바다양푼이동태탕제주연동점,제주특별자치도 제주시 은남3길 31 (연동)
또장군,"제주특별자치도 제주시 신대로10길 32 (연동,(성두4로46))"
곰돌,제주특별자치도 제주시 연동1길 10 (연동)
양촌,"제주특별자치도 제주시 연동1길 10 (연동,(연제3로14))"
삼해인관광호텔구내,제주특별자치도 제주시 도령로 108 (연동)
킹,제주특별자치도 제주시 노연로 지하 139 (연동)
모스트,제주특별자치도 제주시 신광로10길 지하 25 (연동)
해장길,"제주특별자치도 제주시 신대로12길 7, 1층 (연동)"
미송식탁,제주특별자치도 제주시 삼무로11길 36 (연동)
부산서면양곱창,"제주특별자치도 제주시 연동8길 8, 1층 (연동)"
두루두루,"제주특별자치도 제주시 삼무로3길 14 (연동,(성두5로22))"
풍전양곱창,"제주특별자치도 제주시 연동8길 32 (연동,(도호1로42))"
연정,제주특별자치도 제주시 신광로10길 29 (연동)
인생포차,"제주특별자치도 제주시 연문4길 17, 1층 (연동)"
투다리신제주점,"제주특별자치도 제주시 신대로16길 52 (연동,(연중6로13))"
피아노맨,"제주특별자치도 제주시 신대로16길 39, 2층 (연동)"
마산초원아구찜2호점,제주특별자치도 제주시 삼무로3길 46 (연동)
이뚱돼지,제주특별자치도 제주시 연동8길 8 (연동)
달빛무리,제주특별자치도 제주시 삼무로3길 18 (연동)
에프엘이엑스,제주특별자치도 제주시 신대로16길 51 (연동)
차돌집,제주특별자치도 제주시 신대로10길 29 (연동)
대관령,"제주특별자치도 제주시 신대로16길 56 (연동,(연중6로5))"
삼해인관광호텔구내,제주특별자치도 제주시 도령로 108 (연동)
베이스노트,"제주특별자치도 제주시 선덕로5길 21, 1층 (연동)"
슬로우식스,"제주특별자치도 제주시 삼무로 48, 1층 (연동)"
포동정식도청점,"제주특별자치도 제주시 문송길 18, 1층 (연동)"
이쯔모,제주특별자치도 제주시 연동4길 12 (연동)
여,"제주특별자치도 제주시 신광로10길 23, 지하층 (연동)"
노가네전이랑국수,"제주특별자치도 제주시 신광로8길 3, 1층 (연동)"
슈퍼보틀,"제주특별자치도 제주시 은남1길 46, 1~2층 (연동)"
크라운호프연동점,"제주특별자치도 제주시 신대로 125, 1층 (연동)"
내가좋아하는것들,"제주특별자치도 제주시 신광로6길 1, 1층 (연동)"
경성통닭,"제주특별자치도 제주시 연오로 62, 1층 (연동)"
로얄호프,"제주특별자치도 제주시 신대로12길 45, 제주로얄호텔 1층 (연동)"
화정연화,"제주특별자치도 제주시 선덕로3길 44, 1층 (연동)"
낭푼밥상,"제주특별자치도 제주시 연동6길 28, 1층 (연동, 영일빌라)"
거북이,제주특별자치도 제주시 국기로3길 9-9 (연동)
갓포아키제주도점,"제주특별자치도 제주시 노연로 80, 메종글래드 제주 1층 (연동)"
철수네숯불갈비,"제주특별자치도 제주시 연북로 170, 1층 (연동)"
원조부안집연동점,"제주특별자치도 제주시 신대로16길 41, 1층 2호 (연동)"
정직한초밥,"제주특별자치도 제주시 신대로12길 10, 1층 101호 (연동)"
온도라,"제주특별자치도 제주시 연화로3길 15-1, 1층 (연동)"
브라더카페,"제주특별자치도 제주시 신대로14길 51, 2층 (연동)"
보름달,"제주특별자치도 제주시 신대로10길 38, 1층 (연동)"
쁘띠레브더가든,"제주특별자치도 제주시 삼무로7길 29, 1층 (연동)"
삼무흑돼지,"제주특별자치도 제주시 삼무로 38, 1층 (연동)"
더시그니처,"제주특별자치도 제주시 신광로 47, 2층 (연동)"
명인만두,"제주특별자치도 제주시 신광로4길 9, 1층 2호 (연동)"
헤이샐러드,"제주특별자치도 제주시 연동12길 28-13, 1층 (연동)"
화목원,"제주특별자치도 제주시 연화남길 41, A동 1층 (연동)"
신이가네,"제주특별자치도 제주시 신대로10길 22, 101호 (연동)"
제주포램,"제주특별자치도 제주시 국기중길 4 (연동,(국기1로 2))"
죠스떡볶이제주제원점,제주특별자치도 제주시 신광로 48 (연동)
난타5000연동신광점,"제주특별자치도 제주시 성신로 24, 1층 (연동)"
지지지,"제주특별자치도 제주시 신대로 104, A,B동 1층 (연동)"
쭈쭈,"제주특별자치도 제주시 연동7길 25 (연동,(지하1층))"
먹자,제주특별자치도 제주시 남녕로8길 3-2 (연동)
차포차,제주특별자치도 제주시 신대로16길 41 (연동)
은희네해장국2호점,"제주특별자치도 제주시 연북로 178 (연동,외1필지(1층))"
가락국수,제주특별자치도 제주시 연동9길 25 (연동)
가이,"제주특별자치도 제주시 연동8길 29, 110호 (연동,풀하우스)"
사랑방,제주특별자치도 제주시 신대로16길 37-1 (연동)
마라신화마라탕신라점,"제주특별자치도 제주시 노연로 61, 104호 (연동)"
처갓집양념치킨호프연동점,"제주특별자치도 제주시 사장2길 31, 1층 (연동)"
희랑김밥,"제주특별자치도 제주시 신대로13길 18, 1층 (연동)"
제주돈가스,"제주특별자치도 제주시 국기로 14, 상가동 202호,203호 (연동, 대림이편한세상아파트)"
초원오리,제주특별자치도 제주시 연동14길 10 (연동)
은남두루치기,제주특별자치도 제주시 은남4길 41 (연동)
퐁낭그늘,"제주특별자치도 제주시 성신로 30 (연동,가형 101호)"
양양밥집,"제주특별자치도 제주시 신대로18길 7, 1층 (연동)"
달떡볶이신제주점,"제주특별자치도 제주시 제원1길 23, 106호 (연동)"
케이엠지엠신제주점,"제주특별자치도 제주시 신광로 63, 2층 (연동)"
최고밥상,"제주특별자치도 제주시 은남길 18, 1층 (연동)"
절친포차,제주특별자치도 제주시 삼무로3길 20 (연동)
이모밥상,"제주특별자치도 제주시 연북로 173, 1층 (연동)"
그린웰주식회사제주도청점,제주특별자치도 제주시 문연로 6 (연동)
만선바다,"제주특별자치도 제주시 삼무로1길 6, 1층 (연동)"
달료포차,제주특별자치도 제주시 신광로8길 6 (연동)
치타,제주특별자치도 제주시 신광로4길 7 (연동)
릴리펏제주점,"제주특별자치도 제주시 노연로 80, 제주그랜드호텔 1층 (연동)"
푸라닭제주연동점,"제주특별자치도 제주시 성신로1길 23, 1층 (연동)"
모슬포해물농산,"제주특별자치도 제주시 선덕로5길 18, 2층 (연동)"
신이내린닭신제주신이점,"제주특별자치도 제주시 국기로 50, 1층 (연동)"
봉하깡통구이,"제주특별자치도 제주시 삼무로3길 36 (연동,(성두5로62))"
대아갈비,제주특별자치도 제주시 연동4길 6-2 (연동)
에버호텔구내,"제주특별자치도 제주시 삼무로 75, 1층 (연동)"
봄촌,"제주특별자치도 제주시 연북로 166, 1~2층 (연동)"
파리의연인,"제주특별자치도 제주시 신대로7길 1, 평화장여관 지하1층 (연동)"
또또,"제주특별자치도 제주시 성신로1길 11 (연동,(성신1로9))"
맘스터치연동점,"제주특별자치도 제주시 삼무로 23, 1층 (연동)"
솔담,"제주특별자치도 제주시 은남3길 32, 1층 (연동)"
연동대게회타운,"제주특별자치도 제주시 신대로 125, 1층 (연동)"
린스,제주특별자치도 제주시 신대로14길 34 (연동)
어촌마당,제주특별자치도 제주시 은남4길 37 (연동)
더헤이븐,"제주특별자치도 제주시 제원4길 10-1, 1~2층 (연동)"
아리나블루문,"제주특별자치도 제주시 국기로 35, 4층 (연동)"
오딘,"제주특별자치도 제주시 신대로14길 49, 3층 (연동)"
케이하우스,"제주특별자치도 제주시 노연로 61 (연동,101호,102호)"
당근포차,"제주특별자치도 제주시 노연로 134, 1층 (연동)"
대어호,"제주특별자치도 제주시 연동4길 12, 1층 (연동)"
누룩대통령,"제주특별자치도 제주시 연동11길 24, 1층 (연동)"
삼다칼국수,제주특별자치도 제주시 문송1길 2 (연동)
니하오,제주특별자치도 제주시 국기로 49 (연동)
돈오름숯불갈비제원점,"제주특별자치도 제주시 신광로 36, 1층 (연동)"
부가네얼큰이신시가지점,"제주특별자치도 제주시 연화로 41, 1층 (연동)"
24시뼈다귀탕신제주점,제주특별자치도 제주시 삼무로 47 (연동)
굽네치킨연동점,"제주특별자치도 제주시 연동10길 4, 1층 (연동)"
리젠트,"제주특별자치도 제주시 신대로18길 45 (연동,(사장2로 75))"
외가집,제주특별자치도 제주시 신대로14길 5 (연동)
사천훠궈,"제주특별자치도 제주시 신대로16길 50, 2층 (연동)"
황구촌,"제주특별자치도 제주시 신대로10길 14 (연동,(성두4로18))"
비비큐신연동점,"제주특별자치도 제주시 연화로1길 15 (연동,(연화1로1))"
제일갈비,제주특별자치도 제주시 연동10길 13 (연동)
전주토속청국장,제주특별자치도 제주시 귀아랑길 9 (연동)
빨간집연동점,제주특별자치도 제주시 신대로 126 (연동)
준이자까야,"제주특별자치도 제주시 국기로 6 (연동,(지하1층))"
두남자이야기,제주특별자치도 제주시 삼무로 77 (연동)
파크사이드호텔구내,"제주특별자치도 제주시 도령로 126, 파크사이드호텔 지하1층 (연동)"
풍천만가,"제주특별자치도 제주시 아연로 40, 1층 (연동)"
통영바다장어구이,제주특별자치도 제주시 신대로10길 47 (연동)
소주방아지트,"제주특별자치도 제주시 신대로18길 39, 지하1층 (연동)"
모니카옛날통닭,제주특별자치도 제주시 도령로13길 16-3 (연동)
중화양꼬치,제주특별자치도 제주시 신대로16길 50 (연동)
스페이스비어펍,"제주특별자치도 제주시 신대로16길 51, 3층 (연동)"
만한반점,"제주특별자치도 제주시 연동1길 37, 1층 102호 (연동, 이화주택)"
맛장터,제주특별자치도 제주시 신대로13길 10 (연동)
두루와,제주특별자치도 제주시 삼무로 23 (연동)
난타오천연동점,"제주특별자치도 제주시 연화로2길 7, 1층 (연동)"
지지고부치고,"제주특별자치도 제주시 연동11길 33, 1층 (연동)"
화연,"제주특별자치도 제주시 신광로 78, 1층 (연동)"
신번지,"제주특별자치도 제주시 신대로20길 52 (연동,(1층))"
엄마가차린밥상연동점,"제주특별자치도 제주시 연화로 49, 1층 (연동)"
가인,"제주특별자치도 제주시 제원1길 23, 103호 (연동)"
서진향해장국신제주점,"제주특별자치도 제주시 삼동길 60, 1층 (연동)"
동협한라회초밥,"제주특별자치도 제주시 제원2길 38, 102호 (연동)"
부가부가부가네얼큰이제원점,"제주특별자치도 제주시 제원길 14 (연동,한서빌딩 103호)"
진낙지앤,제주특별자치도 제주시 연화로2길 31 (연동)
마메종,제주특별자치도 제주시 신대로8길 40 (연동)
돈잇수다,"제주특별자치도 제주시 연화로2길 17-7, 1층 (연동)"
죽마고우,제주특별자치도 제주시 연화로2길 20 (연동)
홍초불닭연동점,"제주특별자치도 제주시 신대로16길 56 (연동,(연중6로5))"
스페샬유나이티드점,제주특별자치도 제주시 신광로10길 20 (연동)
친구,"제주특별자치도 제주시 남녕로 50, 지하 1층 (연동)"
호텔시리우스,"제주특별자치도 제주시 도령로 133, 지하1지상1층 (연동)"
산촌,제주특별자치도 제주시 성신로 15 (연동)
스크류쿨제원점,"제주특별자치도 제주시 신광로 44-1, 2층 (연동)"
원조제원깡통숯불구이,"제주특별자치도 제주시 제원길 19, 1층 (연동)"
담담매운갈비연구소,"제주특별자치도 제주시 연동7길 41, 1층 (연동)"
케이오늘,"제주특별자치도 제주시 연동8길 28, 1층 3호 (연동)"
미스칠,"제주특별자치도 제주시 일주서로 7831, 1층 (연동)"
제주분식,"제주특별자치도 제주시 귀아랑길 23 (연동,(1층))"
멘부리제주,제주특별자치도 제주시 신광로8길 5 (연동)
제주닭한마리,"제주특별자치도 제주시 연동7길 30, 지하1층 (연동)"
곰탕제작소신제주점,"제주특별자치도 제주시 노연로 95, 1층 (연동)"
보기플레이,"제주특별자치도 제주시 과원북4길 84, 1층 (연동)"
백두산갈비앤냉면,"제주특별자치도 제주시 은남4길 5, 101호 (연동)"
올래파이,"제주특별자치도 제주시 국기로2길 11, 1층 (연동)"
통큰장어신제주점,"제주특별자치도 제주시 신대로 60, 1층 (연동)"
대박왕갈비연동점,제주특별자치도 제주시 신광로1길 13 (연동)
신신식당,"제주특별자치도 제주시 도령로 124, 지하1층 (연동)"
만운성,제주특별자치도 제주시 과원북4길 93 (연동)
대박집,"제주특별자치도 제주시 국기로1길 15 (연동,(1층))"
쓰레빠,"제주특별자치도 제주시 신대로16길 44, 2층 (연동)"
금안이네국수,"제주특별자치도 제주시 제원길 3, 1층 (연동)"
웰빙밥도둑,제주특별자치도 제주시 연동8길 9 (연동)
이가네일품해장국신제주점,제주특별자치도 제주시 성신로 15 (연동)
둥지,"제주특별자치도 제주시 신대로14길 50, 1층 (연동)"
롯데지알에스풀바,"제주특별자치도 제주시 도령로 83, 6층 (연동)"
주민상회신광점,"제주특별자치도 제주시 성신로1길 25, 1층 (연동)"
신제주삼보,제주특별자치도 제주시 신대로16길 10 (연동)
길,제주특별자치도 제주시 삼무로3길 14 (연동)
문성반점,제주특별자치도 제주시 연동4길 12-9 (연동)
번개포차본점,제주특별자치도 제주시 연동9길 18 (연동)
언노운아지트,제주특별자치도 제주시 국기중길 25 (연동)
산전수전인생역전,제주특별자치도 제주시 은남길 40 (연동)
꼬방,제주특별자치도 제주시 신대로12길 21 (연동)
퀸스,"제주특별자치도 제주시 연동9길 25, 2층 (연동)"
금정무오리목점,"제주특별자치도 제주시 연동8길 21, 1층 (연동)"
황금돈가,"제주특별자치도 제주시 국기로2길 4 (연동,(1층))"
해녀바당,제주특별자치도 제주시 삼무로 11-1 (연동)
족발슈퍼연동점,"제주특별자치도 제주시 노연로 135, 1층 (연동)"
탐라도새기천국,"제주특별자치도 제주시 도령북길 2-4, 1층 (연동)"
쏘바,"제주특별자치도 제주시 연동4길 28-16, 지하102호 (연동)"
뜨르르,"제주특별자치도 제주시 신대로9길 9, 1층 (연동)"
파티장,"제주특별자치도 제주시 신대로16길 39, 지하1층 (연동)"
롯데지알에스씨카페,"제주특별자치도 제주시 도령로 83, 22층 (연동, 롯데시티호텔제주)"
베네토,제주특별자치도 제주시 신대로8길 5 (연동)
(주)서촌제 스시100,"제주특별자치도 제주시 은수길 65, D동 1층 (연동)"
마라양꼬치,제주특별자치도 제주시 신대로16길 44 (연동)
구제포,"제주특별자치도 제주시 연동4길 28-16, 1층 101호 (연동, 뉴전원빌라)"
금룡관광호텔구내(2층),제주특별자치도 제주시 삼무로 79 (연동)
신미조리,제주특별자치도 제주시 문송1길 2 (연동)
주다방제원점,"제주특별자치도 제주시 신대로16길 52, 2층 (연동)"
뽄쟁이,"제주특별자치도 제주시 신대로6길 21, 지하1층 (연동)"
제주국담,제주특별자치도 제주시 신대로12길 17 (연동)
훈이숯불갈비,"제주특별자치도 제주시 신광로10길 24 (연동,(1층))"
삼오칠회센타,제주특별자치도 제주시 신대로16길 33 (연동)
엄블랑호다,"제주특별자치도 제주시 사장길 15, 1층 (연동)"
미스터와규,제주특별자치도 제주시 은남3길 33 (연동)
신사본가송탄부대찌개,제주특별자치도 제주시 신대로10길 28 (연동)
오라방라운지,"제주특별자치도 제주시 은수길 69, 1층 (연동)"
또순이모부페,"제주특별자치도 제주시 연동11길 30, 1층 (연동)"
램스키친,"제주특별자치도 제주시 국기로 35, 3층 (연동)"
롯데스파랜드구내,제주특별자치도 제주시 신광로 52 (연동)
마라샹궈전문점매운향솥,제주특별자치도 제주시 은남1길 31 (연동)
모퉁이에머릿돌,제주특별자치도 제주시 신대로10길 34 (연동)
이게밥도둑,"제주특별자치도 제주시 삼무로7길 23, 1층 (연동)"
예향정신제주점,제주특별자치도 제주시 연화로2길 22-1 (연동)
돌멩이,제주특별자치도 제주시 연동3길 14 (연동)
좀녀마을,"제주특별자치도 제주시 은남길 25 (연동,(은남1로 28))"
고사리,"제주특별자치도 제주시 삼무로3길 39, 102호 (연동)"
파티,"제주특별자치도 제주시 국기로2길 7 (연동,(1층))"
에이라운지,"제주특별자치도 제주시 국기로2길 5, 1층 (연동)"
델라,"제주특별자치도 제주시 신대로14길 30 (연동,제동네스트빌 101호)"
일미고을,제주특별자치도 제주시 신대로10길 24 (연동)
까투리행운점,"제주특별자치도 제주시 도령로13길 9 (연동,제주베스트빌라101호(도령4로22))"
각시탈,제주특별자치도 제주시 은남4길 37 (연동)
골목회수산,"제주특별자치도 제주시 도령로7길 30, 1층 (연동)"
킴스딜리버리,"제주특별자치도 제주시 신대로14길 40, 1층 (연동)"
대굴대굴,제주특별자치도 제주시 성신로2길 19 (연동)
일,"제주특별자치도 제주시 국기중길 5, 1층 (연동)"
김밥상회,"제주특별자치도 제주시 과원북2길 58, 1층 (연동)"
짱짱소주방,"제주특별자치도 제주시 연동10길 31, 1층 (연동)"
경희네몽생이,"제주특별자치도 제주시 연동9길 37, 1층 (연동)"
프로젝트064,"제주특별자치도 제주시 신광로4길 13, 1~2층 (연동)"
담백한그집,제주특별자치도 제주시 신대로8길 5 (연동)
매옹이,"제주특별자치도 제주시 연동9길 25, 1층 (연동)"
물음표,"제주특별자치도 제주시 신대로16길 40 (연동,(연중6로33))"
보통김밥,"제주특별자치도 제주시 남녕로 42, 1층 (연동)"
카도,제주특별자치도 제주시 신대로16길 41 (연동)
리보스코화덕피자,제주특별자치도 제주시 수목원길 27 (연동)
전원,"제주특별자치도 제주시 삼무로11길 38, 1층 (연동)"
둘리네국수,제주특별자치도 제주시 연동10길 5 (연동)
모모,"제주특별자치도 제주시 국기로3길 5-11, 1층 (연동)"
창작일식요리엔,제주특별자치도 제주시 연화로2길 22 (연동)
우수미회센타,"제주특별자치도 제주시 연화로2길 24-1, 1층 (연동)"
페리카나연동점,"제주특별자치도 제주시 연동1길 10 (연동,(연제3로14))"
레전드,"제주특별자치도 제주시 신대로12길 51, 지하2층 45호 (연동)"
갓쭈,"제주특별자치도 제주시 은남3길 29, 1층 (연동)"
천하육회,제주특별자치도 제주시 연동7길 26 (연동)
와플칸제주직영점,제주특별자치도 제주시 신광로 36 (연동)
화덕앤그릴,"제주특별자치도 제주시 국기로 23, 1층 (연동)"
국밥먹고가라,"제주특별자치도 제주시 선덕로 10, 1층 (연동)"
성게애빠져,제주특별자치도 제주시 신대로14길 5 (연동)
스페샬연노점,"제주특별자치도 제주시 연동8길 21 (연동,(도호1로27))"
한솥도시락제주한라병원점,"제주특별자치도 제주시 성신로 15, 1층 (연동)"
무정해장국,제주특별자치도 제주시 신대로10길 29 (연동)
연동박가네,제주특별자치도 제주시 삼무로9길 15 (연동)
원님네포장마차,제주특별자치도 제주시 신대로10길 35 (연동)
카인드펍,"제주특별자치도 제주시 연동7길 24, 3층 (연동)"
조선옥,제주특별자치도 제주시 신대로5길 32 (연동)
만원의행복,"제주특별자치도 제주시 신대로7길 9, 1층 (연동)"
궁한스샤브샤브신제주점,"제주특별자치도 제주시 사장길 38, 2층 (연동)"
센트럴시티66가,"제주특별자치도 제주시 노연로 66, 2층 (연동)"
짝태노가리제주1호점,"제주특별자치도 제주시 신대로 149, 1층 (연동)"
육남매,제주특별자치도 제주시 신대로7길 15-1 (연동)
아구에반하다,"제주특별자치도 제주시 신대로20길 17, 1층 (연동)"
새몽실식당,제주특별자치도 제주시 신대로12길 11 (연동)
주식회사대야,"제주특별자치도 제주시 국기로2길 2-7, 1층 (연동)"
국수나무집,"제주특별자치도 제주시 신대로10길 43 (연동,(성두4로69))"
종로3가감자탕,"제주특별자치도 제주시 신광로4길 34 (연동,(제원2로56))"
세광양대창제주연동점,"제주특별자치도 제주시 신대로16길 39, 1층 (연동)"
모심청국장,제주특별자치도 제주시 신대로10길 17 (연동)
연안식당,"제주특별자치도 제주시 신대로 169, 1층 (연동)"
와이,"제주특별자치도 제주시 과원북4길 91, B101호 (연동)"
더썸,제주특별자치도 제주시 신대로10길 24 (연동)
주연이네,"제주특별자치도 제주시 은남3길 29, 1층 (연동)"
메밀꽃차롱,"제주특별자치도 제주시 연오로 136 (연동,(1층))"
육회공작소,"제주특별자치도 제주시 신대로16길 47, 1층 (연동)"
힘찬장어,"제주특별자치도 제주시 삼무로3길 32-1 (연동,(1층))"
연동피지에이구내매점,"제주특별자치도 제주시 삼동길 21, 1층 (연동)"
카페뮤로,"제주특별자치도 제주시 제원3길 13, 1층 102호 (연동)"
가리본가본점,제주특별자치도 제주시 성신로1길 17 (연동)
마리나스크린골프구내,"제주특별자치도 제주시 연삼로 38, 지하1층 (연동)"
제주한우곱창,"제주특별자치도 제주시 신대로 165, 1층 (연동)"
가시버시정육구이,"제주특별자치도 제주시 삼무로1길 9, 1층 (연동)"
모슬포해안도로,"제주특별자치도 제주시 신대로18길 16, 104호 (연동)"
만배수산,제주특별자치도 제주시 국기로2길 2-9 (연동)
아이리스,제주특별자치도 제주시 국기로3길 5 (연동)
스페샬삼무점,"제주특별자치도 제주시 삼무로7길 27, 101호 (연동)"
식객의주방,제주특별자치도 제주시 사장길 12 (연동)
컴포즈커피제주제원점,제주특별자치도 제주시 제원길 16 (연동)
한양춘향연화점,"제주특별자치도 제주시 연화중길 19, 1층 (연동)"
낙지로,"제주특별자치도 제주시 신대로12길 19, 1층 (연동)"
을찌로국물떡볶이연동점,"제주특별자치도 제주시 신대로14길 49, 1층 (연동)"
복덕이네,"제주특별자치도 제주시 도령로13길 15, 1층 (연동)"
참사랑전복해물탕,제주특별자치도 제주시 연동10길 3 (연동)
코알라,"제주특별자치도 제주시 과원북4길 71 (연동,1층)"
버닝썬,"제주특별자치도 제주시 은남3길 34, 지하1층 (연동)"
엘리,"제주특별자치도 제주시 과원북4길 102, 1층 (연동)"
호식이두마리치킨연동신시가지점,"제주특별자치도 제주시 국기중길 5-6, 1층 (연동)"
광림,제주특별자치도 제주시 제원길 6 (연동)
사토,제주특별자치도 제주시 연동3길 36 (연동)
학창시절,"제주특별자치도 제주시 신광로4길 15, 지하1층 (연동)"
올레스크린앤,"제주특별자치도 제주시 신광로 36 (연동,(3층))"
흥부네정식,제주특별자치도 제주시 연북로 74 (연동)
풍전스크린골프,"제주특별자치도 제주시 연동8길 30, 대경빌딩 3층 (연동)"
달맞이,"제주특별자치도 제주시 신대로6길 13, 1층 (연동)"
연동돈우가,제주특별자치도 제주시 도령로11길 18 (연동)
부가네얼큰이연동점,제주특별자치도 제주시 노연로 137 (연동)
케이팝,"제주특별자치도 제주시 삼무로3길 34, 지하1층 (연동)"
막쇠,"제주특별자치도 제주시 제원길 12, 1층 (연동)"
오막한우막창,"제주특별자치도 제주시 도령로 132, 1층 (연동)"
제삼굽,"제주특별자치도 제주시 제원길 15, 1층 101호 (연동)"
명태골연동점,제주특별자치도 제주시 연화중길 10 (연동)
안트래,제주특별자치도 제주시 연동13길 16 (연동)
한라관광호텔(한식),"제주특별자치도 제주시 삼무로 76, 2층 (연동)"
도랑도랑,제주특별자치도 제주시 문송길 20 (연동)
개염지영말축,"제주특별자치도 제주시 연오로 68, 1층 (연동)"
딱한잔포차,제주특별자치도 제주시 연동9길 18 (연동)
탕궁훠궈,"제주특별자치도 제주시 은남2길 41, 1층 (연동)"
냉동고,"제주특별자치도 제주시 신대로14길 46, 1층 (연동)"
모살물2호점,"제주특별자치도 제주시 삼무로9길 24, 1층 (연동)"
까투리꼬치구이태양점,"제주특별자치도 제주시 신대로10길 22 (연동,101호(성두4로30))"
고씨회관,제주특별자치도 제주시 신대로14길 49 (연동)
칠십리,제주특별자치도 제주시 신광로 8 (연동)
시골못난이투,"제주특별자치도 제주시 신대로16길 35, 1층 (연동)"
차곡,제주특별자치도 제주시 문연로 5 (연동)
멕시카나치킨앤치킨더홈연동점,제주특별자치도 제주시 은남4길 37 (연동)
돼지꿈본점,제주특별자치도 제주시 제원길 6 (연동)
솔비,제주특별자치도 제주시 삼무로3길 38 (연동)
돈나무,제주특별자치도 제주시 신광로10길 3 (연동)
비비큐치킨앤비어삼무공원점,"제주특별자치도 제주시 삼무로 40, 2층 (연동)"
아이진카페비,"제주특별자치도 제주시 신대로22길 4, 1층 (연동)"
스틸,"제주특별자치도 제주시 연동8길 15, 1층 (연동)"
털보산해,"제주특별자치도 제주시 은남4길 29 (연동,원빌라102호(연중7로47))"
스테이크백,"제주특별자치도 제주시 연동13길 34, 1층 (연동)"
백세장수설렁탕,"제주특별자치도 제주시 연화로1길 7, 1층 (연동)"
인덱스제이드림호텔구내,"제주특별자치도 제주시 은남1길 40, 2층 (연동)"
바오펑,"제주특별자치도 제주시 과원로 51, 1층 (연동)"
문학쉼팡시집,"제주특별자치도 제주시 연동14길 3, 101호 (연동, 연동월드하우스)"
종종캐주얼다이닝,"제주특별자치도 제주시 과원북2길 66-1, 1층 (연동)"
레스토랑헤라,"제주특별자치도 제주시 삼무로 14, 2층 (연동)"
아이러브키친,"제주특별자치도 제주시 신광로 52, 4층 (연동)"
춘천명동닭갈비연동점,"제주특별자치도 제주시 연동9길 25 (연동,(은남4로 24))"
알라운지,제주특별자치도 제주시 신대로10길 19 (연동)
쉐프의스시이야기,제주특별자치도 제주시 신광로 36 (연동)
신제주보말칼국수제주본점,제주특별자치도 제주시 선덕로5길 19 (연동)
한라생돈,"제주특별자치도 제주시 연화중길 7, 1층 (연동)"
쉐프이야기,제주특별자치도 제주시 신광로4길 19 (연동)
돌트멍,제주특별자치도 제주시 은남1길 5 (연동)
둘이두리,"제주특별자치도 제주시 연동10길 7, 1층 (연동)"
간또,"제주특별자치도 제주시 연동7길 19, 1층 (연동)"
연한돈,"제주특별자치도 제주시 선덕로 6, 1층 (연동)"
다도푸드,"제주특별자치도 제주시 신대로12길 51, 지하2층 21호 (연동)"
제주흑돼지참숯구이,"제주특별자치도 제주시 신광로6길 2, 1층 (연동)"
신제주그랜드,제주특별자치도 제주시 신대로 70 (연동)
블루스카이,제주특별자치도 제주시 국기로 6 (연동)
옥화네포차,제주특별자치도 제주시 신대로18길 56 (연동)
루스트익스프레스루스트플레이스팍차이나,"제주특별자치도 제주시 노연로 62, 신성오피스텔 2층 (연동)"
물동이,"제주특별자치도 제주시 신대로 123, 1층 (연동)"
한신포차제주연동점,제주특별자치도 제주시 신대로16길 49 (연동)
만객,제주특별자치도 제주시 제원길 6 (연동)
정한토속삼계탕원조설렁탕,제주특별자치도 제주시 신대로18길 16 (연동)
비밀의정원,"제주특별자치도 제주시 연삼로 86, 1층 (연동)"
미미한식탁제주,제주특별자치도 제주시 국기로 5 (연동)
테이크투,제주특별자치도 제주시 국기로 44 (연동)
토방속의장독대,제주특별자치도 제주시 신대로14길 33 (연동)
회사가는날,"제주특별자치도 제주시 성신로1길 25, 1층 (연동)"
계림,"제주특별자치도 제주시 일주서로 7810, 1층 (연동)"
네네치킨연동점,제주특별자치도 제주시 삼무로 82 (연동)
더짝연동점,"제주특별자치도 제주시 신대로14길 48, 2층 (연동)"
로다,"제주특별자치도 제주시 삼무로 77, 지하1층 (연동)"
구어도돼지,"제주특별자치도 제주시 일주서로 7854, 1층 (연동)"
제주다금바리회초밥,"제주특별자치도 제주시 은남4길 30, 1층 (연동)"
투다리남서울점,제주특별자치도 제주시 신대로10길 24-1 (연동)
어신,제주특별자치도 제주시 신대로12길 39 (연동)
정글북바이앨리스,"제주특별자치도 제주시 노연로 80, 2층 (연동)"
바,"제주특별자치도 제주시 노연로 114, 2~3층 (연동)"
마이도,"제주특별자치도 제주시 은남2길 35, 101호 (연동)"
남다른대구막창연동점,"제주특별자치도 제주시 신대로 131, 1층 (연동)"
산방산,"제주특별자치도 제주시 신대로16길 44, 1층 (연동)"
소렉,"제주특별자치도 제주시 은남2길 41, 1층 (연동)"
검은쇠몰고오는,제주특별자치도 제주시 신대로20길 27 (연동)
청담동,"제주특별자치도 제주시 국기로1길 17, 1층 (연동)"
연동반점,제주특별자치도 제주시 제원1길 7-1 (연동)
쏭스,"제주특별자치도 제주시 은남2길 37 (연동,(연중3로14))"
피자쿠치나신제주점,제주특별자치도 제주시 신대로 134 (연동)
돈보따리생생갈비,제주특별자치도 제주시 제원길 6 (연동)
호박이네,제주특별자치도 제주시 신광로10길 21 (연동)
돈게도라,제주특별자치도 제주시 사장길 8 (연동)
산과들신제주점,"제주특별자치도 제주시 연동10길 31, 1층 (연동)"
토대력,제주특별자치도 제주시 신대로14길 48 (연동)
금호훼밀리호텔구내오형제손짜장,"제주특별자치도 제주시 제원1길 9, 1층 (연동)"
아이린,"제주특별자치도 제주시 삼무로 16, 5층 (연동)"
한수포차제주연동점,"제주특별자치도 제주시 신대로16길 49, 1층 (연동)"
에르메술,제주특별자치도 제주시 신대로10길 20 (연동)
제주창스닥,"제주특별자치도 제주시 선덕로 4, 1층 (연동)"
페리카나신제주점,제주특별자치도 제주시 신대로 124 (연동)
꿀꿀이식당,"제주특별자치도 제주시 삼무로5길 3, 1층 (연동)"
맛스타,"제주특별자치도 제주시 신대로10길 29, 1층 (연동)"
소,"제주특별자치도 제주시 신대로20길 46, 1층 (연동)"
노가리앤비어연동점,"제주특별자치도 제주시 삼무로7길 40, 1층 (연동)"
사천요리,"제주특별자치도 제주시 신대로16길 50, 1층 (연동)"
디디치킨연동점,"제주특별자치도 제주시 국기로 43, 1층 (연동)"
댜오위다오,제주특별자치도 제주시 은남2길 29 (연동)
신주양꼬치제주점,제주특별자치도 제주시 신대로16길 45 (연동)
뼈감만족,제주특별자치도 제주시 신대로 144 (연동)
낙지골목,제주특별자치도 제주시 제원길 3 (연동)
정우말가든,제주특별자치도 제주시 아연로 17 (연동)
주사랑,제주특별자치도 제주시 노연로 138 (연동)
히아담,제주특별자치도 제주시 과원로 28 (연동)
레드제플린,제주특별자치도 제주시 신광로 37 (연동)
란주우육면,"제주특별자치도 제주시 제원1길 23, 104호 (연동)"
큰동네국수,제주특별자치도 제주시 신광로6길 2 (연동)
제노티카,"제주특별자치도 제주시 국기로 35, 2층 (연동)"
짝치즈등갈비,"제주특별자치도 제주시 신대로16길 56, 1층 (연동)"
갈비아빠,"제주특별자치도 제주시 신대로18길 51, 1층 (연동)"
래고라이브,제주특별자치도 제주시 연동6길 28 (연동)
맵수다,제주특별자치도 제주시 신광로4길 7 (연동)
왕대포연동점,제주특별자치도 제주시 노연로 123 (연동)
유카페,"제주특별자치도 제주시 신대로10길 36-1, 1층 (연동)"
제주살사마르,"제주특별자치도 제주시 노연로 110, 3층 (연동)"
탕1988,"제주특별자치도 제주시 연동3길 29, 1층 (연동)"
담,제주특별자치도 제주시 삼무로9길 39 (연동)
고기중독,제주특별자치도 제주시 신대로12길 32 (연동)
설맥연동점,"제주특별자치도 제주시 신대로16길 52, 1층 (연동)"
세븐스타,"제주특별자치도 제주시 삼무로 38, 2층 (연동)"
조은이웃구이집,제주특별자치도 제주시 도령북길 1 (연동)
라지마할,"제주특별자치도 제주시 신광로 43, 2층 (연동)"
삼다가,"제주특별자치도 제주시 신대로9길 27, 1층 (연동)"
더캐슬,"제주특별자치도 제주시 삼무로3길 20, 지하1층 (연동)"
은행나무집,제주특별자치도 제주시 국기중길 22-9 (연동)
진돼지,"제주특별자치도 제주시 은수길 65, B동 1층 (연동)"
만타스시31앤이자카야연동점,제주특별자치도 제주시 사장1길 33 (연동)
포35,"제주특별자치도 제주시 문송길 35, 1층 (연동)"
헤이국밥,"제주특별자치도 제주시 도령로7길 20, 1층 107호 (연동, 신광아파트)"
델리시우,제주특별자치도 제주시 선덕로 13 (연동)
일용이네,"제주특별자치도 제주시 신대로20길 42 (연동,(사장4로62))"
등불,제주특별자치도 제주시 삼무로 74 (연동)
더골드,제주특별자치도 제주시 연동4길 16-1 (연동)
대도식당연동점,"제주특별자치도 제주시 은남길 31, 1층 (연동)"
한솥도시락제주연동대림점,"제주특별자치도 제주시 국기로 9 (연동,(1층))"
팔플러스퓨전중식,"제주특별자치도 제주시 성신로1길 23, 1층 (연동)"
천하일품,제주특별자치도 제주시 신대로14길 35 (연동)
일등급한식,"제주특별자치도 제주시 성신로2길 21, 1층 (연동)"
자작나무,"제주특별자치도 제주시 아연로 23, 1층 (연동)"
달리자서울포차연동점,"제주특별자치도 제주시 신대로16길 44, 2층 (연동)"
돈후명가,제주특별자치도 제주시 연동7길 42 (연동)
혼고,"제주특별자치도 제주시 성신로2길 21, 1층 (연동)"
규태네,"제주특별자치도 제주시 노연로 55 (노형동,(연동로136))"
예쁜술자리,"제주특별자치도 제주시 신대로10길 28, 지하1층 (연동)"
스바루,"제주특별자치도 제주시 신대로7길 4 (연동,(귀아랑3로6))"
카사베라,제주특별자치도 제주시 노연로 101 (연동)
참새와방앗간,제주특별자치도 제주시 연동4길 16 (연동)
민들레식탁,제주특별자치도 제주시 국기로 29 (연동)
황소곱창,제주특별자치도 제주시 삼무로3길 8 (연동)
최가네옛날손두부집,"제주특별자치도 제주시 사장2길 36, 1층 (연동)"
민성이네식당,"제주특별자치도 제주시 도령로11길 20, 1층 (연동, 대원빌라1차)"
케이관광호텔식당,"제주특별자치도 제주시 연동3길 10, 지하1층 (연동)"
레드팬더,제주특별자치도 제주시 신대로18길 51 (연동)
신라스테이제주바(BAR),"제주특별자치도 제주시 노연로 100, 1층 (연동)"
신라스테이제주카페(CAFE),"제주특별자치도 제주시 노연로 100, 11층 (연동)"
레스토랑더원,"제주특별자치도 제주시 사장3길 33, 1층 (연동)"
더원앤바,"제주특별자치도 제주시 사장3길 33, 1층 (연동)"
카사블랑카,제주특별자치도 제주시 은남길 38 (연동)
팔팔돼지,제주특별자치도 제주시 제원길 7 (연동)
제주공항본점공항뚝배기,제주특별자치도 제주시 연삼로 31 (연동)
노랑통닭,제주특별자치도 제주시 신대로16길 44 (연동)
민우네국수,"제주특별자치도 제주시 연동10길 11 (연동,(1층))"
미라클라이브카페,제주특별자치도 제주시 연동4길 16 (연동)
전주이모네,제주특별자치도 제주시 연동9길 37 (연동)
설빙신제주직영점,제주특별자치도 제주시 신광로 65 (연동)
가완,"제주특별자치도 제주시 신대로7길 20, 101호 (연동, 새롬빌라)"
쭈꾸쭈꾸쭈꾸미,"제주특별자치도 제주시 연동11길 33 (연동, 제1호)"
바코드,"제주특별자치도 제주시 삼무로3길 26, 지하1층 (연동)"
짬뽕에취한날,제주특별자치도 제주시 귀아랑2길 4 (연동)
흑마가든,제주특별자치도 제주시 연화로2길 20-1 (연동)
연동한라국시,제주특별자치도 제주시 신대로18길 41 (연동)
씨티호텔구내,"제주특별자치도 제주시 신대로 170 (연동,(신대로132))"
유행,제주특별자치도 제주시 신대로10길 32 (연동)
우리아시가게글라,제주특별자치도 제주시 연동10길 7 (연동)
청해회센타,"제주특별자치도 제주시 신대로10길 28-1, 1층 (연동)"
제주밥상,제주특별자치도 제주시 사장3길 27 (연동)
손사장네행복하소,"제주특별자치도 제주시 연북로 74, 1층 (연동)"
오르방,"제주특별자치도 제주시 신광로8길 14, 1층 (연동)"
소담돈까스,"제주특별자치도 제주시 성신로1길 23, 2층 (연동)"
조가네회세꼬시,"제주특별자치도 제주시 신대로12길 25, 1층 (연동)"
제주코아호텔구내,"제주특별자치도 제주시 신대로 148 (연동,(신대로116))"
동화로연탄구이2,제주특별자치도 제주시 국기중길 12 (연동)
바삭돈가스,"제주특별자치도 제주시 과원북4길 61, 103호 (연동)"
큰언니네이층집,"제주특별자치도 제주시 도령로 106, 2층 (연동)"
김밥천국신연동점,"제주특별자치도 제주시 국기로 13-1 (연동,(국기로 18))"
퀸,"제주특별자치도 제주시 삼무로3길 46-1, 지하1층 (연동)"
아우라,"제주특별자치도 제주시 신광로10길 5, 지하층 (연동)"
산우정,"제주특별자치도 제주시 은남4길 29 (연동,(연중7로47))"
한라산해장국,제주특별자치도 제주시 은남길 25 (연동)
노가리앤비어연동3호점,"제주특별자치도 제주시 국기로 5, 1층 (연동)"
벨라,"제주특별자치도 제주시 연동9길 25, 2층 (연동)"
돈까스튀기는서대리,제주특별자치도 제주시 연동14길 14 (연동)
오동통,"제주특별자치도 제주시 신대로20길 28, 101호 (연동)"
제주어멍국수본점,"제주특별자치도 제주시 선덕로3길 28, 1층 (연동)"
경애관,"제주특별자치도 제주시 신대로20길 18 (연동,(사장4로24))"
명자네분식,제주특별자치도 제주시 신대로16길 44 (연동)
쨍하고회뜰날,제주특별자치도 제주시 신광로10길 18 (연동)
갈래길국수,제주특별자치도 제주시 제원길 14 (연동)
플렉스,"제주특별자치도 제주시 삼무로3길 32, 지하층 (연동)"
대한식당신시가지점,"제주특별자치도 제주시 국기로 52, 1층 (연동)"
정겨운수제비,"제주특별자치도 제주시 제원1길 23, 105호 (연동)"
갈비아빠2,"제주특별자치도 제주시 신대로12길 37-1, 1층 (연동)"
오니,"제주특별자치도 제주시 연동10길 4, 1층 (연동)"
제주대통,제주특별자치도 제주시 연화로2길 18 (연동)
긴자,제주특별자치도 제주시 신광로8길 30-1 (연동)
중화루,제주특별자치도 제주시 삼무로 68 (연동)
갤러리호텔비앤비,"제주특별자치도 제주시 삼무로3길 48, 2층 (연동)"
문워크,"제주특별자치도 제주시 신광로 35, 2층 (연동)"
딜라익스프레스신제주점,"제주특별자치도 제주시 성신로1길 21, 1층 (연동)"
우리양,"제주특별자치도 제주시 성신로1길 23, 1층 (연동)"
톡순,"제주특별자치도 제주시 연동7길 30, 5층 (연동)"
천하장사뷔페,"제주특별자치도 제주시 제원1길 23, 2층 102호 (연동, 뉴제원)"
청보리,"제주특별자치도 제주시 연동4길 29, 105호 (연동)"
더라운지,"제주특별자치도 제주시 노연로 80, 1층 (연동)"
더오크라구내,제주특별자치도 제주시 신광로4길 38 (연동)
바나나껍데기,"제주특별자치도 제주시 은남2길 30, 1층 (연동)"
연포낙지,"제주특별자치도 제주시 연동9길 39 (연동,(은남4로6))"
우도스토리,"제주특별자치도 제주시 신대로16길 24, 1층 (연동)"
이브3호점,"제주특별자치도 제주시 신광로 50, 2층 (연동)"
옛집,제주특별자치도 제주시 연동4길 6-4 (연동)
바코드나인,"제주특별자치도 제주시 연동11길 42, 2층 (연동)"
쿠야,"제주특별자치도 제주시 연동11길 39, 102호 (연동)"
황금돼지,제주특별자치도 제주시 연동8길 6 (연동)
서촌제한라수목원점,"제주특별자치도 제주시 은수길 65, C동 1층 (연동)"
오늘와인한잔,"제주특별자치도 제주시 신대로16길 44, 1층 (연동)"
부산할매아구찜신제주점,제주특별자치도 제주시 연동11길 12 (연동)
짱갈비04,제주특별자치도 제주시 신대로14길 38 (연동)
주식회사 옥만이네한라수목원,"제주특별자치도 제주시 수목원길 65-6, 지하1층 (연동)"
양푼속닭한마리,제주특별자치도 제주시 연동9길 26 (연동)
형제갈비신제주점,제주특별자치도 제주시 은남4길 41 (연동)
나눔마당,"제주특별자치도 제주시 사장길 12, 1층 (연동)"
곰솔과맹개,"제주특별자치도 제주시 연동3길 33 (연동,(연제2로 45))"
주식회사일품순두부본점,"제주특별자치도 제주시 도령로 64, 1층 (연동)"
깡부대찌개,"제주특별자치도 제주시 문송1길 23, 1층 (연동)"
헬로우프렌드,제주특별자치도 제주시 과원북2길 64 (연동)
코지오베르쥬,"제주특별자치도 제주시 연화로2길 17-5, 1층 (연동)"
신신낙지,제주특별자치도 제주시 문송1길 15 (연동)
심야식당낭만혼술,"제주특별자치도 제주시 신대로20길 1, 1층 (연동)"
30년일소추어탕,제주특별자치도 제주시 삼무로 74 (연동)
제주섬신룽푸마라탕,"제주특별자치도 제주시 도령로 87, 현대오피스텔 101 ~ 102호 (연동)"
야식돼지,"제주특별자치도 제주시 삼무로11길 16, 109,110호 (연동, 일우연립주택)"
청송도시락식당,"제주특별자치도 제주시 성신로1길 7, 101호 (연동,수앤숙빌)"
홀인원스크린골프구내,"제주특별자치도 제주시 과원로 지하 38, 지하1층 (연동)"
엄마손,제주특별자치도 제주시 연동3길 35 (연동)
위아굿프렌즈,"제주특별자치도 제주시 국기로1길 5, 1층 (연동)"
고고짬뽕2호점연동점,"제주특별자치도 제주시 연동4길 12, 1층 (연동)"
아주좋아,제주특별자치도 제주시 신대로16길 34 (연동)
죽이야기제주연동점,"제주특별자치도 제주시 도령로 73, 108호 (연동)"
하얼빈양꼬치,"제주특별자치도 제주시 신대로16길 42, 2층 (연동)"
케이백,"제주특별자치도 제주시 신광로 48 (연동,(신광로66))"
규방,"제주특별자치도 제주시 도령로13길 9, 104호 (연동)"
다이아,"제주특별자치도 제주시 국기중길 6-9, 1층 (연동)"
달소금,제주특별자치도 제주시 성신로1길 22 (연동)
쁠리,제주특별자치도 제주시 국기로3길 5-10 (연동)
이화닭발1979,제주특별자치도 제주시 신대로14길 42 (연동)
공항가는길무인카페,"제주특별자치도 제주시 도령로 192, 2층 (연동)"
옥이네복돼지,제주특별자치도 제주시 삼무로 11-1 (연동)
호맥,제주특별자치도 제주시 은남3길 34 (연동)
예림,제주특별자치도 제주시 신대로14길 49 (연동)
서울뚝배기,제주특별자치도 제주시 아연로 10 (연동)
추억의쉘부르,"제주특별자치도 제주시 연북로 74 (연동,세화빌딩2층 201호(연북로 74))"
만리장성,"제주특별자치도 제주시 신대로20길 56 (연동,(사장4로86))"
옥희연동점,"제주특별자치도 제주시 신대로14길 52, 1층 (연동)"
구구단,제주특별자치도 제주시 국기로3길 6 (연동)
야우,제주특별자치도 제주시 제원길 8 (연동)
클로이,"제주특별자치도 제주시 노연로 147, 2층 (연동)"
신제주연동,"제주특별자치도 제주시 은남1길 3 (연동,(연중1로58))"
황가네뚝배기,제주특별자치도 제주시 삼무로11길 24 (연동)
참돼지깡통구이,제주특별자치도 제주시 연화로3길 10 (연동)
청산에살자제주본점,제주특별자치도 제주시 제원길 7 (연동)
정박사본점,"제주특별자치도 제주시 성신로 13-10, 1층 (연동)"
키로,"제주특별자치도 제주시 성두길 7-7, 지하1층 (연동)"
일공공샤브제주연동점,제주특별자치도 제주시 연북로 86 (연동)
그린기사,제주특별자치도 제주시 일주서로 7892 (연동)
고모네,"제주특별자치도 제주시 연동10길 4, 1층 (연동)"
신대로12길,제주특별자치도 제주시 신대로12길 13 (연동)
술한상,"제주특별자치도 제주시 신광로10길 25, 1층 (연동)"
킹흑돼지,"제주특별자치도 제주시 도령로11길 26-9 (연동,(도령3로20))"
창석이네,"제주특별자치도 제주시 국기로2길 8 (연동,(국기3로8))"
새빛,제주특별자치도 제주시 성신로 20 (연동)
고바,제주특별자치도 제주시 신대로14길 48 (연동)
미짬뽕,"제주특별자치도 제주시 제원1길 23, 107호 (연동, 뉴제원)"
귀아낭,"제주특별자치도 제주시 선덕로 22, 101호 (연동)"
로우허판,"제주특별자치도 제주시 성신로 15, 1층 제1호 (연동)"
금자매포차,"제주특별자치도 제주시 비월길 3, 1층 (연동)"
라운딩,"제주특별자치도 제주시 국기로4길 16, 1층 (연동)"
투다리노형점,"제주특별자치도 제주시 성신로1길 11 (연동,(성신1로9))"
엉아크랩쭈이빵,제주특별자치도 제주시 연동7길 42 (연동)
줌마식당,제주특별자치도 제주시 도령로13길 16-3 (연동)
정직한통닭코스모스점,"제주특별자치도 제주시 신대로 125, 1층 (연동)"
인스,"제주특별자치도 제주시 과원북4길 95, 2층 (연동)"
고성장수물,제주특별자치도 제주시 연문2길 18 (연동)
소문난먹거리,"제주특별자치도 제주시 사장길 21, 1층 (연동)"
연동누룽지,제주특별자치도 제주시 과원북4길 86-1 (연동)
사랑터,"제주특별자치도 제주시 제원4길 6 (연동,(제원7로10))"
배두리광장,"제주특별자치도 제주시 삼무로 60, 1층 (연동)"
아삼육,"제주특별자치도 제주시 남녕로6길 6, 101호 (연동, 현대빌라)"
한라생얼큰이연동점,제주특별자치도 제주시 과원로 39 (연동)
전주콩나루콩나물국밥신제주점,제주특별자치도 제주시 신대로10길 16 (연동)
다미순대,제주특별자치도 제주시 삼무로 47 (연동)
호프앤프랜즈,제주특별자치도 제주시 은남4길 37 (연동)
피오레,제주특별자치도 제주시 삼무로 61 (연동)
우디,"제주특별자치도 제주시 신대로10길 23, 105호 (연동, 장원프라자아파트)"
미복,"제주특별자치도 제주시 신대로16길 49 (연동,(연중6로16))"
대마족발,"제주특별자치도 제주시 신대로10길 41, 1층 (연동)"
해피해피데이,"제주특별자치도 제주시 신광로10길 20, 1층 (연동)"
금별맥주제원점,제주특별자치도 제주시 은남3길 38 (연동)
김명자굴국밥,제주특별자치도 제주시 연북로 168 (연동)
신농,제주특별자치도 제주시 과원로 39 (연동)
미코,"제주특별자치도 제주시 연화로1길 20, 1층 (연동)"
국수만찬,제주특별자치도 제주시 은남3길 1 (연동)
돛배,"제주특별자치도 제주시 국기로3길 9-4 (연동,(국기5로47))"
차돈,제주특별자치도 제주시 신대로14길 48 (연동)
루비,"제주특별자치도 제주시 성신로 13-8 (연동,이화아파트105(성신2로10))"
레몬트리,제주특별자치도 제주시 국기로2길 2-1 (연동)
토크쇼연동2호점,"제주특별자치도 제주시 사장길 19, 1층 (연동)"
유레카,"제주특별자치도 제주시 과원북4길 85, 3층 (연동)"
참좋다,제주특별자치도 제주시 삼무로3길 22 (연동)
연동계수나무집,"제주특별자치도 제주시 연동11길 39, 101호 (연동, 시스빌)"
숯불이동,"제주특별자치도 제주시 도령로13길 17 (연동,(도령3로16))"
제주청정원한우마당,제주특별자치도 제주시 신대로14길 42 (연동)
소리원,제주특별자치도 제주시 연동12길 37 (연동)
평강,제주특별자치도 제주시 선덕로5길 32 (연동)
엠츄로,제주특별자치도 제주시 은남4길 46 (연동)
재현이네갈비,제주특별자치도 제주시 선덕로 7 (연동)
위플1호점,제주특별자치도 제주시 도령로 102 (연동)
글램바,"제주특별자치도 제주시 노연로 118-1, 2층 205호 (연동)"
라라카페,"제주특별자치도 제주시 은남2길 30, 지하1층 (연동)"
모수,"제주특별자치도 제주시 연동8길 13, 1층 (연동)"
일드뱅,"제주특별자치도 제주시 신대로12길 56, 2층 (연동)"
송쿠쉐,제주특별자치도 제주시 신대로13길 43-8 (연동)
즉석,"제주특별자치도 제주시 연동9길 39, 1층 (연동)"
칭따오객잔,"제주특별자치도 제주시 신대로16길 51, 2층 (연동)"
흠염요리,"제주특별자치도 제주시 신광로8길 30-1, 1층 (연동)"
비에이치씨연동점,"제주특별자치도 제주시 삼무로 27, 1층 (연동)"
비어제이,"제주특별자치도 제주시 신광로10길 2, 1층 (연동)"
일박이일,"제주특별자치도 제주시 신대로16길 38, 1층 (연동)"
풍촌,"제주특별자치도 제주시 은남2길 28, 1층 (연동)"
제원목포세발낙지,제주특별자치도 제주시 제원길 16 (연동)
노연동국밥2호점,"제주특별자치도 제주시 신대로10길 32 (연동,(성두4로46))"
흥미,"제주특별자치도 제주시 삼무로 77 (연동,(삼무로10))"
민재네황태전문점,제주특별자치도 제주시 삼무로3길 10 (연동)
스크루지펍2,"제주특별자치도 제주시 국기로3길 3, 1층 (연동)"
여우비,제주특별자치도 제주시 과원북4길 94 (연동)
경상도아지매,제주특별자치도 제주시 신대로10길 51 (연동)
유리네,제주특별자치도 제주시 연북로 146 (연동)
러브도채비,제주특별자치도 제주시 1100로 2894-72 (연동)
연화밥상,제주특별자치도 제주시 신대로 144 (연동)
로얄고기국수,"제주특별자치도 제주시 신대로12길 45, 1층 (연동)"
제주맛동산칼국수,제주특별자치도 제주시 신대로9길 19 (연동)
빌라누스,"제주특별자치도 제주시 신대로16길 42, 지하1층 (연동)"
다해,"제주특별자치도 제주시 문송1길 17 (연동,(문송4로21))"
아취,"제주특별자치도 제주시 신광로10길 22, 1층 (연동)"
썬랜드호텔구내식당,제주특별자치도 제주시 신광로 지하 92 (연동)
더팔당제주,제주특별자치도 제주시 신대로16길 44 (연동)
인쌩맥주제주연동점,"제주특별자치도 제주시 신대로14길 51, 1층 (연동)"
제원칼집,제주특별자치도 제주시 제원길 19 (연동)
서귀포모녀식당,제주특별자치도 제주시 선덕로3길 20 (연동)
제3공간,"제주특별자치도 제주시 연화중길 21, 1층 (연동)"
망고홀릭제주본점,"제주특별자치도 제주시 삼무로5길 2, 1층 (연동)"
장모님밥상,"제주특별자치도 제주시 신대로18길 30, 1층 (연동)"
제주곱,"제주특별자치도 제주시 신대로16길 42, 1층 (연동)"
33떡볶이신연동점,제주특별자치도 제주시 국기로 13 (연동)
투다리연동점,제주특별자치도 제주시 연동10길 3 (연동)
핫쿵푸마라탕연동점,제주특별자치도 제주시 연동8길 21 (연동)
달콤한닭강정연동점,제주특별자치도 제주시 국기로 25 (연동)
돈킹스,제주특별자치도 제주시 국기로3길 14 (연동)
본죽앤비빔밥까페제주연동점,제주특별자치도 제주시 국기로 13-1 (연동)
범맥주제주연동점,"제주특별자치도 제주시 신광로 59 (연동,(2층))"
하몽돼지,"제주특별자치도 제주시 국기로2길 12, 1층 (연동)"
돈떵이,제주특별자치도 제주시 연동8길 19 (연동)
미풍해장국연동점,제주특별자치도 제주시 제원길 7 (연동)
느리게걷기,"제주특별자치도 제주시 신광로6길 25, 2층 206호 (연동, 제원아파트)"
연동본가연동점,제주특별자치도 제주시 삼무로 11 (연동)
서서방숯불닭갈비,"제주특별자치도 제주시 신광로 61, 1층 (연동)"
유미카츠 연동점,"제주특별자치도 제주시 연동4길 36, 1층 101호 (연동, 연동 뜨레모아)"
고집순두부연동본점,"제주특별자치도 제주시 제원1길 33 (연동,(제원1로51))"
꽃담,"제주특별자치도 제주시 선덕로5길 18, 1층 (연동)"
일품순두부도청점,제주특별자치도 제주시 문송길 41 (연동)
수라상,"제주특별자치도 제주시 연동10길 36 (연동,(도호2로68))"
쿠잉,"제주특별자치도 제주시 과원북2길 66, 1층 (연동)"
혼밥대왕신제주점,"제주특별자치도 제주시 연동4길 6-6 (연동,(용천서1로8))"
치킨신드롬신제주점,제주특별자치도 제주시 연동10길 4 (연동)
낚시꾼,제주특별자치도 제주시 신대로16길 37-1 (연동)
참닭갈비신제주점,제주특별자치도 제주시 신광로4길 1 (연동)
산지물신제주점,제주특별자치도 제주시 신대로10길 53 (연동)
도르라갈비,제주특별자치도 제주시 성신로2길 21 (연동)
이국향,제주특별자치도 제주시 삼무로 70 (연동)
연동마라도,제주특별자치도 제주시 신광로8길 3 (연동)
셔츠,"제주특별자치도 제주시 신대로14길 29, 101호 (연동, 연동엘리트빌)"
미나리,"제주특별자치도 제주시 삼무로11길 34 (연동,(삼무1로 9))"
살롱,제주특별자치도 제주시 신광로10길 지하 18 (연동)
가이아,제주특별자치도 제주시 연동7길 4 (연동)
목포홍탁집,"제주특별자치도 제주시 신대로10길 32 (연동,(성두4로46))"
이가촌,"제주특별자치도 제주시 연북로 164, 1~2층 (연동)"
삼대국수회관신제주점,제주특별자치도 제주시 신대로20길 32 (연동)
자연뜨락,제주특별자치도 제주시 연화로2길 16-1 (연동)
아사히,제주특별자치도 제주시 과원북4길 85 (연동)
옥희연동,"제주특별자치도 제주시 신대로14길 51, 2층 (연동)"
제이,"제주특별자치도 제주시 신대로12길 37-1, 2층 (연동)"
교촌치킨제주1호,"제주특별자치도 제주시 삼무로 50, 1층 (연동)"
부산서면양곱창분점,제주특별자치도 제주시 신광로10길 22 (연동)
진홍식당,제주특별자치도 제주시 신광로8길 5 (연동)
희양양연동점,"제주특별자치도 제주시 삼무로3길 42, 1층 (연동)"
동네마당,제주특별자치도 제주시 노연로 148 (연동)
티바두마리치킨연동점,제주특별자치도 제주시 성신로2길 19 (연동)
올레가면탁이국수,제주특별자치도 제주시 제원길 16 (연동)
무허가집,제주특별자치도 제주시 연동1길 14 (연동)
떡볶이참잘하는집떡참제주연동노형점,"제주특별자치도 제주시 도령로7길 30, 1층 (연동)"
서울정식뷔페,제주특별자치도 제주시 신대로18길 48 (연동)
그램그램연동점,"제주특별자치도 제주시 신대로20길 56, 1층 (연동)"
언덕위에,제주특별자치도 제주시 연동12길 지하 24 (연동)
불닭발땡초동대문엽기떡볶이신제주점,제주특별자치도 제주시 신대로16길 52 (연동)
신성할망,제주특별자치도 제주시 신대로7길 23 (연동)
괸당집신제주점,제주특별자치도 제주시 신광로4길 9 (연동)
깜돈흑돼지,"제주특별자치도 제주시 삼무로3길 6 (연동,(성두5로10))"
수구레해장국2호점,제주특별자치도 제주시 비월길 7 (연동)
수다,제주특별자치도 제주시 신대로14길 32 (연동)
이금돈지,제주특별자치도 제주시 노연로 143 (연동)
둘둘김밥앤와플칸연동점,제주특별자치도 제주시 국기로 21 (연동)
어장관리,제주특별자치도 제주시 귀아랑길 23 (연동)
꽃보다소제주연동점,제주특별자치도 제주시 신대로10길 18 (연동)
어장군,제주특별자치도 제주시 신대로 72 (연동)
신제주은남,제주특별자치도 제주시 연동11길 30 (연동)
삼무국수,"제주특별자치도 제주시 삼무로3길 46-1, 1층 (연동)"
피자마을앤파닭,"제주특별자치도 제주시 성신로2길 10, 가동 101호 (연동)"
연동길,"제주특별자치도 제주시 은남2길 23 (연동,제1호)"
명품대구막창,제주특별자치도 제주시 연동8길 4 (연동)
금룡관광호텔구내(1층),제주특별자치도 제주시 삼무로 79 (연동)
진진,제주특별자치도 제주시 선덕로5길 19 (연동)
부가네얼큰이삼무점,"제주특별자치도 제주시 삼무로1길 6, 1층 (연동)"
올리브와뽀빠이,"제주특별자치도 제주시 신광로 32-1 (연동,(신광로44))"
팝콘,"제주특별자치도 제주시 연동11길 30, 105호 (연동)"
오름해산물,제주특별자치도 제주시 국기로2길 2-5 (연동)
국수몰고랑,"제주특별자치도 제주시 신대로10길 41 (연동,(성두4로 67))"
삼대전통고기국수,제주특별자치도 제주시 신대로5길 17 (연동)
돌담흑돼지주식회사,"제주특별자치도 제주시 연동7길 35, 2층 (연동)"
돌하르방신제주점,제주특별자치도 제주시 신대로8길 18 (연동)
일품연황찜닭,제주특별자치도 제주시 연동1길 14 (연동)
맨하탄호텔구내,"제주특별자치도 제주시 도령로 66 (연동,중2층(도령로147))"
조개마당,"제주특별자치도 제주시 제원길 8, 1층 (연동)"
도진식당,제주특별자치도 제주시 국기중길 27 (연동)
사랑담은해물,"제주특별자치도 제주시 신대로6길 29, 101호 (연동, 우성빌라)"
회식,제주특별자치도 제주시 선덕로5길 25 (연동)
이노우에스시,"제주특별자치도 제주시 과원로 78-1 (연동,(1층))"
바라바라,"제주특별자치도 제주시 연화로1길 20 (연동,(연화2로30))"
삼무곱창,제주특별자치도 제주시 삼무로3길 40 (연동)
고향의맛,제주특별자치도 제주시 연동13길 37 (연동)
김씨며느리,제주특별자치도 제주시 문송길 25 (연동)
우수미회센타별관,"제주특별자치도 제주시 연화로2길 24, 해사랑주택 1층 (연동)"
쿠루미,"제주특별자치도 제주시 연문6길 6, 1층 (연동)"
바론,"제주특별자치도 제주시 신광로1길 14, 1층 (연동)"
반주,"제주특별자치도 제주시 성신로1길 21, 2층 (연동)"
김박사커피밀,"제주특별자치도 제주시 연문2길 9, 1층 102호 (연동, 한주주택)"
도도푸드,"제주특별자치도 제주시 도령로7길 32-2, 1층 101호 (연동)"
(주)지앤엘(이클립스),"제주특별자치도 제주시 삼무로 67, 지하1층 (연동)"
코로웨이니,"제주특별자치도 제주시 신광로 41, 3층 (연동)"
비아이푸드,"제주특별자치도 제주시 사장1길 29, 1층 (연동)"
숙희네흑돼지,"제주특별자치도 제주시 삼무로3길 16, 1층 100호 (연동)"
제주족발보쌈,"제주특별자치도 제주시 성신로1길 21, 1층 (연동)"
공항근처국밥고기국수,"제주특별자치도 제주시 성신로 26, 1층 (연동)"
바다정원,"제주특별자치도 제주시 주수길 8, 1층 (연동)"
제주세호해장국연동점,"제주특별자치도 제주시 신광로 12, 1층 101호 (연동)"
다정이네곱창집,"제주특별자치도 제주시 은남1길 17, 1층 (연동)"
열정국밥,"제주특별자치도 제주시 성신로 18-5, 지하1층 001호 (연동, 조양빌라트)"
돈플라이,"제주특별자치도 제주시 연동7길 20, 1층 (연동)"
비상식탁,"제주특별자치도 제주시 과원로 61, 1층 (연동)"
시스터즈어묵,"제주특별자치도 제주시 신광로 73, 1층 (연동)"
시쟈덕,"제주특별자치도 제주시 신광로8길 20, 1층 (연동)"
24시제주해장국,"제주특별자치도 제주시 삼무로 45, 1층 (연동)"
제주의온도,"제주특별자치도 제주시 선덕로5길 20-1, 1층 (연동)"
자가제빵선명희피자신제주점,"제주특별자치도 제주시 연화로2길 8, 1층 (연동)"
코코샤넬,"제주특별자치도 제주시 삼무로 47, 지1층 (연동)"
산촌오리탕,"제주특별자치도 제주시 성신로 15, 1층 (연동)"
녹색집,"제주특별자치도 제주시 은남길 16, 1층 (연동)"
(주)시더스초밥제주연동점,"제주특별자치도 제주시 연오로 91, 1층 (연동)"
덮밥90도씨,"제주특별자치도 제주시 노연로 103, 1층 101호 (연동, 제주연동리슈빌디에스)"
칼맞은삼겹살제원점,"제주특별자치도 제주시 제원4길 8, 1층 (연동)"
에바돈가츠제주연동점,"제주특별자치도 제주시 삼무로3길 9, 1층 (연동)"
굽담,제주특별자치도 제주시 신광로 65 (연동)
토박이장터,제주특별자치도 제주시 귀아랑길 21 (연동)
제주옹기설렁탕,제주특별자치도 제주시 문송길 27 (연동)
타코닷,제주특별자치도 제주시 연화로1길 24 (연동)
황금어장,제주특별자치도 제주시 사장길 14 (연동)
추자본섬연동점,제주특별자치도 제주시 선덕로 14-1 (연동)
아싸회,제주특별자치도 제주시 연동11길 36 (연동)
연동기사식당,"제주특별자치도 제주시 과원로 60 (연동,(과원1로72))"
낭랑,제주특별자치도 제주시 신대로10길 29 (연동)
영구스피자제주점,"제주특별자치도 제주시 국기로 45, 1층 (연동)"
문카페,제주특별자치도 제주시 국기중길 14 (연동)
돼지삼춘생구이,"제주특별자치도 제주시 국기로3길 7, 1층 (연동)"
장충왕족발,제주특별자치도 제주시 은남4길 2 (연동)
자담치킨연동점,"제주특별자치도 제주시 연동3길 15, 1층 (연동)"
아구찜의정석,제주특별자치도 제주시 성신로 15 (연동)
돈모아,"제주특별자치도 제주시 연동11길 30 (연동,외1필지(은남3로40))"
일등아들,제주특별자치도 제주시 신대로 124 (연동)
꼼닭,"제주특별자치도 제주시 은남길 33, 1층 (연동)"
신제주빠빠라기,"제주특별자치도 제주시 신광로 45, 2층 (연동)"
우리네보쌈,제주특별자치도 제주시 사장길 21 (연동)
몽마르지,"제주특별자치도 제주시 남녕로6길 4 (연동,102호(남녕2로15))"
꼴통집본점,"제주특별자치도 제주시 신대로16길 45, 1층 (연동)"
함지신신불닭발본점,제주특별자치도 제주시 신대로16길 42 (연동)
일루와술밥,제주특별자치도 제주시 삼무로3길 44 (연동)
진짜루,제주특별자치도 제주시 삼무로1길 10 (연동)
투다리월드점,제주특별자치도 제주시 제원길 14 (연동)
아싸살아있네,"제주특별자치도 제주시 신대로16길 32-1, 1층 (연동)"
모살물,제주특별자치도 제주시 삼무로3길 14 (연동)
배고파,"제주특별자치도 제주시 제원1길 23, 201호 (연동)"
전주아줌마,"제주특별자치도 제주시 신광로4길 25, 1층 (연동)"
막끌리나,제주특별자치도 제주시 은남길 30 (연동)
열열이얼큰이제원점,"제주특별자치도 제주시 연동7길 31, 1층 (연동)"
전복나라,제주특별자치도 제주시 삼무로3길 20 (연동)
대박국수,"제주특별자치도 제주시 신대로14길 5, 1층 (연동)"
채담,제주특별자치도 제주시 과원로 136-2 (연동)
신마포갈매기신제주점,제주특별자치도 제주시 신광로8길 6 (연동)
신흥관,"제주특별자치도 제주시 문송길 19, 1층 (연동)"
주주,제주특별자치도 제주시 신광로4길 17 (연동)
공푸마라탕,제주특별자치도 제주시 신광로8길 22 (연동)
해녀고기,"제주특별자치도 제주시 과원로 80, 1층 (연동)"
풍요로움,제주특별자치도 제주시 은남4길 31 (연동)
곤지암할매소머리국밥신제주점,"제주특별자치도 제주시 삼무로 60, 1층 (연동)"
퍼스트,"제주특별자치도 제주시 연동7길 28, 2층 (연동)"
끼니,제주특별자치도 제주시 연동12길 28-11 (연동)
이참흑돼지,제주특별자치도 제주시 삼무로7길 25 (연동)
엔,제주특별자치도 제주시 국기로 25 (연동)
울고넘는박달재,"제주특별자치도 제주시 연동4길 16-1, 1층 (연동)"
민준이네,제주특별자치도 제주시 선덕로5길 19 (연동)
낙지친구,"제주특별자치도 제주시 연동13길 9 (연동,(은남2로13))"
참숯불닭발,제주특별자치도 제주시 은남4길 37 (연동)
어매흑돼지,제주특별자치도 제주시 신광로10길 15 (연동)
지희,"제주특별자치도 제주시 신대로12길 41, 지하1층 (연동)"
바래,"제주특별자치도 제주시 신대로14길 42, 지하1층 (연동)"
고구려,제주특별자치도 제주시 연화로 47 (연동)
돼지목장,제주특별자치도 제주시 연동9길 37 (연동)
남문숯불바베큐앤치킨신제주점,제주특별자치도 제주시 신대로20길 56 (연동)
풍전,"제주특별자치도 제주시 연동8길 30, 2층 (연동)"
제주다방,제주특별자치도 제주시 사장3길 35 (연동)
마시모,"제주특별자치도 제주시 신대로20길 56 (연동,(사장4로86))"
중식당,제주특별자치도 제주시 연동3길 14 (연동)
제니의정원,"제주특별자치도 제주시 명주길 26-12, 1층 (연동)"
커피순,제주특별자치도 제주시 귀아랑길 22 (연동)
유진이네회초밥,"제주특별자치도 제주시 삼무로 16, 2층 (연동)"
로얄바,제주특별자치도 제주시 신대로14길 49 (연동)
골든블루,"제주특별자치도 제주시 사장1길 43, 2층 (연동)"
수복강녕,"제주특별자치도 제주시 선덕로3길 40, 1층 (연동)"
테라스탱고,"제주특별자치도 제주시 신대로 104, A동 1층 (연동)"
원플러스원,"제주특별자치도 제주시 신대로12길 51, 로얄쇼핑센타및오피스텔 지하2층 25~26호 (연동)"
원밀리언,"제주특별자치도 제주시 노연로 103, 2층 201호 (연동)"
추동신제주점,"제주특별자치도 제주시 신대로12길 51, 로얄쇼핑센타및오피스텔 4층 21,22,23,24호 (연동)"
돼지구이연구소본점,"제주특별자치도 제주시 신대로13길 19, 1층 (연동, 우리주택)"
연곱,"제주특별자치도 제주시 삼무로9길 35, 1층 (연동)"
7스크린그늘집,"제주특별자치도 제주시 과원로 36, 지하1층 (연동)"
윌리엄라운지바,"제주특별자치도 제주시 삼무로 56, 18층 (연동)"
집앞돈가스,"제주특별자치도 제주시 신대로15길 20, 1층 101호 (연동, 아랑빌라)"
와인도시,"제주특별자치도 제주시 연동12길 10, 1~2층 (연동)"
따팡양꼬치,"제주특별자치도 제주시 신광로8길 20, 2층 (연동)"
퐁낭쉼팡,"제주특별자치도 제주시 연동10길 16, 1층 101호 (연동)"
제주육대표,제주특별자치도 제주시 일주서로 7895 (연동)
열린당구카페,"제주특별자치도 제주시 신광로 8, 2층 (연동)"
제주돼지앤치킨의민족연동점,제주특별자치도 제주시 신광로4길 6 (연동)
베르네닭강정,"제주특별자치도 제주시 연동8길 28, 1층 8호 (연동)"
쪽갈비와친구들연동점,"제주특별자치도 제주시 성신로2길 25, 1층 102호 (연동, 연동베스트아파트)"
제주인애,"제주특별자치도 제주시 신광로6길 25, 상가동 203호 (연동, 제원아파트)"
일공일,"제주특별자치도 제주시 국기로2길 19, 1층 (연동)"
고죽면신제주점,"제주특별자치도 제주시 성신로 18-5, 1층 001호 (연동, 조양빌라트)"
마라유혹,제주특별자치도 제주시 연동11길 25 (연동)
빙고스토리지,"제주특별자치도 제주시 삼무로 43, 1층 (연동)"
퍼틴제주,"제주특별자치도 제주시 신대로9길 21-1, 1층 (연동)"
마라도해녀촌연동점,제주특별자치도 제주시 연동1길 4 (연동)
유퉁국밥,"제주특별자치도 제주시 신대로12길 51, 로얄쇼핑센타및오피스텔 지하2층 24호 (연동)"
빵위에치즈신제주점,"제주특별자치도 제주시 신광로6길 25, 208호 (연동, 제원아파트)"
구공족발연동점,제주특별자치도 제주시 연동10길 11 (연동)
나고야일식,제주특별자치도 제주시 신대로10길 40 (연동)
샹웨이,"제주특별자치도 제주시 은남4길 29, 2층 201호 (연동, 원빌라)"
칠돈가제주공항직영점,"제주특별자치도 제주시 신대로 144, 1층 (연동)"
제주대패,"제주특별자치도 제주시 삼무로 59, 1층 (연동)"
007포차,"제주특별자치도 제주시 연동9길 18, 1층 (연동)"
바신주쿠,"제주특별자치도 제주시 연동7길 30, 3층 (연동)"
소림마라 신제주점,"제주특별자치도 제주시 비월길 19, 1층 (연동)"
아름푸드체인,"제주특별자치도 제주시 연동8길 9, 1층 (연동)"
원조오막집국수,"제주특별자치도 제주시 삼무로 66, 1층 (연동)"
맵지,"제주특별자치도 제주시 신대로18길 23, 1층 (연동, 연주빌라)"
은강,"제주특별자치도 제주시 연오로 8, 1층 (연동)"
뭉크,"제주특별자치도 제주시 노연로 125, 2층 (연동)"
정다운집,"제주특별자치도 제주시 노연로 144, 1층 (연동)"
밥정,"제주특별자치도 제주시 연화로3길 20-1, 1층 (연동)"
뒤뜰에한우,"제주특별자치도 제주시 신대로 104, B동 1층 (연동)"
렉스포켓클럽,"제주특별자치도 제주시 연동7길 28, 3층 (연동)"
골프존파크타이틀연북로점,"제주특별자치도 제주시 연북로 161, 지하1층 (연동)"
나는강정적인사람입니다신제주점(튀지1985),"제주특별자치도 제주시 삼무로1길 10-8, 1층 104호, 105호 (연동)"
더동네,"제주특별자치도 제주시 삼무로9길 22, 1층 (연동)"
부침개,"제주특별자치도 제주시 신광로10길 20, 지하1층 (연동)"
원조우향해장국,"제주특별자치도 제주시 신대로20길 7, 1층 (연동)"
도향,"제주특별자치도 제주시 삼무로 56, 2층 (연동)"
보편적인노래,"제주특별자치도 제주시 제원길 14, 한서빌딩 2층 201호 (연동)"
샐러드바스켓연동점,"제주특별자치도 제주시 삼무로 46, 1층 (연동)"
폴레,제주특별자치도 제주시 은남3길 33 (연동)
도도름,"제주특별자치도 제주시 삼무로 36, 1층 (연동)"
모드니,"제주특별자치도 제주시 연동12길 24, 1층 101호 (연동)"
와우소문난감자탕,"제주특별자치도 제주시 신대로7길 10, 1층 (연동)"
크로방,"제주특별자치도 제주시 연동12길 25-1, 1층 (연동)"
청춘다방,"제주특별자치도 제주시 귀아랑길 27, 1층 (연동)"
옛날갈비찜,"제주특별자치도 제주시 신대로12길 51, 로얄쇼핑센타및오피스텔 지하2층 12~13호 (연동)"
뉴욕버거제주연동점,"제주특별자치도 제주시 삼무로 26, 1층 (연동)"
다담찌개,"제주특별자치도 제주시 성신로1길 30, 1층 (연동)"
랜돌프비어제주연동점,"제주특별자치도 제주시 연동7길 24, 1층 (연동)"
고기역,"제주특별자치도 제주시 국기로1길 4, 1층 (연동)"
굽네치킨한라초점,"제주특별자치도 제주시 연화로3길 3-1, 1층 (연동)"
삼춘네해장국,"제주특별자치도 제주시 삼무로 64, 1층 (연동)"
첀씬마라탕,"제주특별자치도 제주시 국기로1길 2, 1층 (연동)"
카페이음새,"제주특별자치도 제주시 삼무로11길 34, 2층 (연동)"
안,"제주특별자치도 제주시 노연로 134, 2층 (연동)"
도도름한우와흑돈,"제주특별자치도 제주시 삼무로 36, 2~3층 (연동)"
야미,"제주특별자치도 제주시 신광로 103, 신제주오피스텔 106호 (연동)"
모이라,"제주특별자치도 제주시 연동8길 7, 1층 (연동)"
소못,"제주특별자치도 제주시 연동4길 12-2, 1층 (연동)"
에이플러스,"제주특별자치도 제주시 국기중길 3, 승진주택 1층 (연동)"
깅코,제주특별자치도 제주시 도령로 100 (연동)
오늘김밥,"제주특별자치도 제주시 신대로 131, 1층 (연동)"
최고집,"제주특별자치도 제주시 신대로12길 45, 제주로얄호텔 2층 (연동)"
제주가,"제주특별자치도 제주시 신대로12길 45, 제주로얄호텔 2층 (연동)"
시리우스카페,"제주특별자치도 제주시 도령로 133, 호텔시리우스 구내 1층 (연동)"
라테라스,"제주특별자치도 제주시 신대로12길 45, 제주로얄호텔 2층 (연동)"
문희영해물아구찜2,"제주특별자치도 제주시 연동4길 6-7, 1층 102호 (연동, 태성빌라)"
다올레횟집,"제주특별자치도 제주시 신대로16길 36-1, 1층 (연동)"
영갈분식,"제주특별자치도 제주시 노연로 103, 1층 101호 (연동, 제주연동리슈빌디에스)"
조선화로집제주연북로점,"제주특별자치도 제주시 연북로 173, 2층 (연동)"
민들레소반,"제주특별자치도 제주시 삼무로11길 3, 1층 (연동)"
순수한둠비연동점,"제주특별자치도 제주시 연화로2길 34, 1층 (연동)"
모네의화원,"제주특별자치도 제주시 비월남길 4, 1층 (연동)"
온도70,"제주특별자치도 제주시 연동1길 36, 신광교회 지하1층 (연동)"
소소한밤,"제주특별자치도 제주시 연동10길 19, 1층 (연동)"
1943제주연동점,"제주특별자치도 제주시 연동7길 38, 1층 (연동)"
노가리앤비어연동점2호점,"제주특별자치도 제주시 도령로11길 26-4, 1층 (연동)"
화월랑,"제주특별자치도 제주시 연동8길 28, 지1층 2호 (연동, 청목더웰연동)"
썬더치킨제원점,"제주특별자치도 제주시 삼무로1길 10-9, 1층 104호 (연동)"
골드킹,"제주특별자치도 제주시 도령로 127-18, 1층 (연동)"
생활맥주제주연동점,"제주특별자치도 제주시 연동7길 40, 1층 (연동)"
에이바우트연동신시가지점,"제주특별자치도 제주시 국기로 36, 1층 101호 (연동)"
도쿄술집제주연동점,"제주특별자치도 제주시 연동7길 38, 3층 (연동)"
금커피별빙수,"제주특별자치도 제주시 연동12길 5, 1층 (연동)"
기고,"제주특별자치도 제주시 신대로20길 46, 1층 103호 (연동, 연동가나휘닉스1)"
삼다참치,"제주특별자치도 제주시 삼무로9길 30, 1층 (연동, 태원빌라)"
집밥연구소,"제주특별자치도 제주시 연삼로 22, 1층 (연동)"
지카페글로스터,"제주특별자치도 제주시 삼무로 57, 1동 101호 (연동)"
강국수,"제주특별자치도 제주시 신대로14길 38, 1층 (연동)"
사계진미숯불닭갈비제원점,"제주특별자치도 제주시 연동7길 22, 1층 (연동)"
트룰리하우스,"제주특별자치도 제주시 노연로 89, 2층 (연동)"
원조큰맘할매순대국제주제원점,"제주특별자치도 제주시 신대로12길 51, 로얄쇼핑센타및오피스텔 지하2층 31호 (연동)"
맛있당돈까스제주본점,"제주특별자치도 제주시 국기로1길 2, 1층 (연동)"
돼갈통,"제주특별자치도 제주시 삼무로3길 39, 1층 101호 (연동, 삼무빌리지)"
꼼빔,"제주특별자치도 제주시 신대로13길 43-8, 2층 201호 (연동)"
머믈,"제주특별자치도 제주시 연동4길 16, 1층 (연동)"
엉터리왕,"제주특별자치도 제주시 신광로10길 2, 1층 (연동)"
해방,"제주특별자치도 제주시 과원북4길 95, 1층 (연동)"
엠버스페이스,"제주특별자치도 제주시 삼무로 12, 엠버서더 관광호텔 1층 (연동)"
치킨매니아연동노형점,"제주특별자치도 제주시 과원북4길 57, 1층 (연동)"
탐나는밥상,"제주특별자치도 제주시 연동4길 12, 1층 (연동)"
참치정육점주주,"제주특별자치도 제주시 문송길 42, 1층 (연동)"
케무리,"제주특별자치도 제주시 삼무로 41, 1층 102호 (연동)"
주식회사조끄뜨레마트연동점,"제주특별자치도 제주시 국기로 33, 4층 (연동)"
홀덤라운지,"제주특별자치도 제주시 은남3길 32, 2층 (연동)"
수목원길,"제주특별자치도 제주시 연화남길 10, 제2동 1층 (연동)"
배떡연동점,"제주특별자치도 제주시 신대로8길 35, A동 1층 103호 (연동, 우정주택)"
주식회사담을깨비방망이오리날개튀김,"제주특별자치도 제주시 국기로2길 4, 지하1층 (연동)"
제주닭꼬집,"제주특별자치도 제주시 연동8길 28, 지하1층 1호 (연동, 청목더웰연동)"
단밤,"제주특별자치도 제주시 도령로 192, 3층 (연동)"
골드문,"제주특별자치도 제주시 삼무로 62, 2층 (연동)"
스타루프탑라운지,"제주특별자치도 제주시 연동7길 38, 6층 (연동)"
집으로배달삼겹,"제주특별자치도 제주시 제원2길 8, 1층 (연동)"
한남1990,"제주특별자치도 제주시 은남3길 19, 1층 (연동)"
제주안에,"제주특별자치도 제주시 연동7길 25, 1층 (연동)"
만남포차,"제주특별자치도 제주시 사장1길 32, 1층 (연동)"
종승호,"제주특별자치도 제주시 신대로16길 44, 신제주종합시장 1층 (연동)"
루프탑레오,"제주특별자치도 제주시 삼무로 14, HOTEL LEO 13층 (연동)"
엄마순대국,"제주특별자치도 제주시 신대로7길 13, 1층 1호 (연동)"
연동회관,"제주특별자치도 제주시 연동13길 33, 1층 (연동)"
박군포차,"제주특별자치도 제주시 신대로16길 44, 신제주종합시장 1층 (연동)"
광양이조연동점,"제주특별자치도 제주시 신대로16길 6, 1층 (연동)"
해봉이네동태마당,제주특별자치도 제주시 은남길 14 (연동)
휘로,제주특별자치도 제주시 국기중길 7 (연동)
우리집밥상,제주특별자치도 제주시 신대로13길 19 (연동)
빠빠,제주특별자치도 제주시 신대로20길 42 (연동)
집나간왕새우바람난조개연동점,제주특별자치도 제주시 연동8길 9 (연동)
한라산산더미불고기,제주특별자치도 제주시 신대로16길 30 (연동)
티톡,"제주특별자치도 제주시 연동1길 40, 1층 (연동, 이화주택)"
조마루뼈다귀연동점,"제주특별자치도 제주시 삼무로 52 (연동,(삼무로39))"
모나코,"제주특별자치도 제주시 은남길 38, 지하1층 (연동)"
담이자카야,"제주특별자치도 제주시 연동4길 36, 107,108호 (연동)"
별연동삼계탕,제주특별자치도 제주시 선덕로 12 (연동)
땅땅치킨연동점,"제주특별자치도 제주시 연동7길 35, 1층 (연동)"
오래옥,제주특별자치도 제주시 신대로16길 36 (연동)
브로콜리,"제주특별자치도 제주시 삼무로 49, 1층 (연동)"
외양간,제주특별자치도 제주시 선덕로5길 13 (연동)
말한마리가든,제주특별자치도 제주시 도령로 190 (연동)
서은이네생고기,"제주특별자치도 제주시 연동8길 15, 1층 (연동)"
오태식해바라기치킨,제주특별자치도 제주시 연삼로 22 (연동)
수목원집밥,"제주특별자치도 제주시 삼무로 82, 1층 (연동)"
대관원,제주특별자치도 제주시 신대로13길 3 (연동)
영덕대게마을,제주특별자치도 제주시 신광로10길 5 (연동)
삼무공원흑돼지,제주특별자치도 제주시 신대로10길 42 (연동)
수미일관,제주특별자치도 제주시 연동8길 19 (연동)
야미포차,제주특별자치도 제주시 삼무로3길 34 (연동)
보잉747,제주특별자치도 제주시 연북로 76 (연동)
옛날깡통,제주특별자치도 제주시 연동7길 18 (연동)
청춘열차,"제주특별자치도 제주시 신대로16길 32-1, 2층 (연동)"
오늘여기,"제주특별자치도 제주시 신대로16길 42, 1층 (연동)"
아르보,"제주특별자치도 제주시 연동6길 11, 1~2층 102, 202호 (연동)"
선미정,"제주특별자치도 제주시 은남4길 41, 1층 (연동)"
딸기가좋아신제주점,"제주특별자치도 제주시 과원로 84, 3층 (연동)"
정현이모,"제주특별자치도 제주시 은남3길 21, 1층 (연동)"
제이라운지,"제주특별자치도 제주시 은남3길 30, 1층 (연동)"
피치랑신제주점,"제주특별자치도 제주시 신광로6길 25, 2층 207호 (연동, 제원아파트)"
문송식당,제주특별자치도 제주시 문송1길 21 (연동)
예일갈비,"제주특별자치도 제주시 신대로9길 17, 1층 (연동)"
자매숯불,"제주특별자치도 제주시 연동1길 3, 2층 202호 (연동, 동서연동타워)"
망사리카페,"제주특별자치도 제주시 신대로7길 7, 1층 (연동)"
미보삿뽀로참치,"제주특별자치도 제주시 연동4길 36, 1층 104호 (연동, 연동 뜨레모아)"
탑해장국앤돈가스,제주특별자치도 제주시 신대로7길 7 (연동)
소랑분식,"제주특별자치도 제주시 신대로 67, 1층 (연동)"
로미파스타,"제주특별자치도 제주시 삼무로 51, 1층 (연동)"
대영한밥상,"제주특별자치도 제주시 삼무로 68, 1층 (연동)"
할매옛날통닭,제주특별자치도 제주시 신광로4길 6 (연동)
킹콩홀덤펍,"제주특별자치도 제주시 노연로 114-1, 수영빌딩 4층 (연동)"
양기원무인키즈팡팡카페,"제주특별자치도 제주시 과원북4길 61, 덕양빌딩 3층 (연동)"
딜리버리쿡연동점,"제주특별자치도 제주시 사장1길 40, 1층 (연동)"
용우동신제주점,"제주특별자치도 제주시 연동7길 25, 1층 (연동)"
연동포차,"제주특별자치도 제주시 신대로 123, 1층 (연동)"
베이스캠프제원점,"제주특별자치도 제주시 은남4길 43, 1층 (연동)"
콘타이,"제주특별자치도 제주시 노연로 80, 메종글래드 제주 1층 (연동)"
메가엠지씨커피제주남녕점,"제주특별자치도 제주시 남녕로 32, 1층 (연동)"
한식의품격신제주점,"제주특별자치도 제주시 노연로 103, 1층 110호 (연동, 제주연동리슈빌디에스)"
씨제이푸드빌 빕스제주점,"제주특별자치도 제주시 도령로 142, 9층 (연동)"
차달임,"제주특별자치도 제주시 노연로 118-1, 1층 (연동, 미도 스카이빌)"
충무로38양곱창제주점,"제주특별자치도 제주시 신광로6길 2, 1층 (연동)"
우리솥해장국,"제주특별자치도 제주시 연삼로 10, 정우빌딩 1층 (연동)"
써든스테이크,"제주특별자치도 제주시 신대로14길 43, 1층 (연동)"
아지국밥,"제주특별자치도 제주시 연동1길 4, 1층 (연동)"
제원칼집별관,"제주특별자치도 제주시 제원길 17, 1층 (연동)"
엠박스제주,"제주특별자치도 제주시 신대로16길 42, 3층 (연동)"
제라진감자탕본점,"제주특별자치도 제주시 신대로14길 41, 1층 (연동)"
카페시도,"제주특별자치도 제주시 성신로2길 23-5, 1층 (연동)"
우리닭칼국수,"제주특별자치도 제주시 제성1길 25, 1층 (연동)"
본초맘죽신제주점,"제주특별자치도 제주시 신대로 124, 1층 (연동)"
돈쫄돈신제주점,"제주특별자치도 제주시 삼무로1길 10-9, 1층 102호 (연동)"
제주연탄길,"제주특별자치도 제주시 연화남길 10, 1층 (연동)"
부어치킨신제주점,"제주특별자치도 제주시 사장길 21, 1층 (연동)"
포비게러지,"제주특별자치도 제주시 과원로 63, 1층 (연동)"
하나손칼국수,"제주특별자치도 제주시 국기로2길 10, 1층 (연동)"
루,"제주특별자치도 제주시 신광로 44, 2층 (연동)"
플래닛제주,"제주특별자치도 제주시 삼무로 35, 1층 (연동)"
헤이커피,"제주특별자치도 제주시 신광로4길 9, 1층 1호 (연동)"
도리스,"제주특별자치도 제주시 삼무로 40, 1층 (연동)"
본죽앤비빔밥신제주점,"제주특별자치도 제주시 삼무로 2, 열린학원 1층 (연동)"
풍년내장탕해장국,"제주특별자치도 제주시 연동11길 15, 1층 (연동)"
킹콩부대찌개연동점,"제주특별자치도 제주시 삼무로11길 26, 1층 (연동)"
미풍해장국코스모스점,"제주특별자치도 제주시 선덕로 2, 1층 (연동)"
배떡노형점,"제주특별자치도 제주시 일주서로 7810, 1층 (연동)"
볼빨간아구찜신제주점,"제주특별자치도 제주시 신광로6길 26, 점포동 2층 210호 (연동, 제원아파트)"
203안전한먹거리연구소,"제주특별자치도 제주시 선덕로 4, 1층 (연동)"
스칼렛가든,"제주특별자치도 제주시 삼무로 57, 3층 (연동)"
다다참치,"제주특별자치도 제주시 성신로1길 23, 1층 (연동)"
펄호텔제주,"제주특별자치도 제주시 신대로20길 49, 제주펄호텔 1층 (연동)"
담아래,"제주특별자치도 제주시 수목원길 23, 1층 (연동)"
반도소관,"제주특별자치도 제주시 신광로4길 27, 1층 (연동, 경주빌라)"
포텐,"제주특별자치도 제주시 연동7길 41, 4층 (연동)"
라화쿵부제주점,"제주특별자치도 제주시 연동3길 37, 2층 (연동)"
연동신도시식당,"제주특별자치도 제주시 국기중길 28, 1층 (연동)"
민속감자탕,"제주특별자치도 제주시 삼무로9길 26, 1층 (연동)"
리얼,"제주특별자치도 제주시 신광로 47, 1층 (연동)"
이츠양,"제주특별자치도 제주시 연동6길 5, 제주1번가 더테라스 109,110,111,112호 (연동)"
효매식당,"제주특별자치도 제주시 연동1길 37, 101호 (연동, 이화주택)"
화양양,"제주특별자치도 제주시 연화로4길 2, 1층 (연동)"
정식육백화점정유통,"제주특별자치도 제주시 성신로 15, 1층 제1호 (연동)"
탭탭,"제주특별자치도 제주시 연동7길 41, 3층 (연동)"
김복남맥주제주연동점,"제주특별자치도 제주시 삼무로 59, 1층 (연동)"
제대로떡볶이제원점,"제주특별자치도 제주시 신광로6길 2, 1층 (연동)"
봄날정육,"제주특별자치도 제주시 성신로1길 21, 1층 (연동)"
킹스,"제주특별자치도 제주시 연동7길 30, 3층 (연동)"
그믐달,"제주특별자치도 제주시 삼무로 18, 제주연동 하우스디어반 1층 112호 (연동)"
퐁닭,"제주특별자치도 제주시 신대로 134, 1층 (연동)"
프랭크버거제주도청점,"제주특별자치도 제주시 선덕로 1, 하늘그린오피스텔 1층 101호 (연동)"
영하45,"제주특별자치도 제주시 신대로 153, 1층 (연동)"
코모도,"제주특별자치도 제주시 남녕로 54, 위더스빌 1층 104호 (연동, 위더스빌)"
샾,제주특별자치도 제주시 신대로14길 5 (연동)
머큐리,"제주특별자치도 제주시 국기로2길 3, 1층 (연동)"
렛미인,제주특별자치도 제주시 과원북4길 88 (연동)
돈오름숯불갈비,"제주특별자치도 제주시 신대로12길 33, 1층 (연동)"
유끼,"제주특별자치도 제주시 은남2길 32 (연동,(연중3로23))"
대선,"제주특별자치도 제주시 신대로12길 37 (연동,(연중2로53))"
락카페,제주특별자치도 제주시 삼무로 72 (연동)
버무리떡볶이연동점,"제주특별자치도 제주시 국기로 14, 107호 (연동)"
신영돌판구이,제주특별자치도 제주시 신대로15길 2 (연동)
청년다방연동점,"제주특별자치도 제주시 성신로1길 25, 1층 (연동)"
제주정곱창,"제주특별자치도 제주시 은남4길 31, 1층 (연동)"
임사부국밥,"제주특별자치도 제주시 신광로4길 1, 1층 (연동)"
콧수염양꼬치,"제주특별자치도 제주시 성신로1길 30, 2층 (연동)"
더제이락푸드,"제주특별자치도 제주시 삼무로 12, 엠버서더 관광호텔 지하1층 (연동)"
예산가마솥장수촌설렁탕신제주점,"제주특별자치도 제주시 연동10길 13, 1층 (연동)"
에이프릴,"제주특별자치도 제주시 삼무로9길 30, 1층 (연동, 태원빌라)"
팜스테이블,"제주특별자치도 제주시 수목원길 41, 2층 (연동)"
킹덤,"제주특별자치도 제주시 신대로14길 38, 1층 (연동)"
돌수산,"제주특별자치도 제주시 사장길 17, 1층 (연동)"
썸카페,"제주특별자치도 제주시 국기로1길 19, 호연주택 1층 (연동)"
아맛나찜닭제주점,"제주특별자치도 제주시 신대로20길 22, 1층 (연동)"
제주에살다컴퍼니,"제주특별자치도 제주시 신대로19길 1, 1층 (연동)"
우솔,"제주특별자치도 제주시 신대로 119, 1층 (연동)"
청담회장님댁제주점,"제주특별자치도 제주시 신대로16길 23, 1층 (연동)"
핵밥제주연동점,"제주특별자치도 제주시 도령로 103, 103호 (연동, 연동한일씨티파크)"
신광호프,"제주특별자치도 제주시 성신북길 19, 1층 (연동)"
술빛정원,"제주특별자치도 제주시 제원길 41, 5층 (연동)"
신대장군집,"제주특별자치도 제주시 삼무로 50, 1층 (연동)"
청담피자신제주점,"제주특별자치도 제주시 연동4길 6-12, 1층 103호 (연동, 굿윌카운티)"
지엔디카페,"제주특별자치도 제주시 은남2길 37, 3층 (연동)"
호야네꼬마김밥,"제주특별자치도 제주시 연동9길 18, 1층 (연동)"
장똘뱅이,"제주특별자치도 제주시 신광로6길 25, 1층 107호 (연동, 제원아파트)"
동근이숯불두마리치킨,"제주특별자치도 제주시 연삼로 12, 1층 101호 (연동, 성남빌라)"
임돈,"제주특별자치도 제주시 노연로 103, 1층 105호 (연동, 제주연동리슈빌디에스)"
우정곱창연동점,"제주특별자치도 제주시 연화중길 15, 1층 (연동)"
그시절동태촌신제주점,"제주특별자치도 제주시 연화로1길 26-1, 1층 (연동)"
연동가자스크린골프,"제주특별자치도 제주시 신대로10길 19, 화신빌딩 2층 (연동)"
카츠야미,"제주특별자치도 제주시 도령로 73, 1층 110호 (연동, 연동 펠리체)"
짜장볶는남자,"제주특별자치도 제주시 도령북길 41, 1층 (연동)"
돈돼지국밥연동점,"제주특별자치도 제주시 연동8길 9, 1층 (연동)"
김순례닭강정신제주점,제주특별자치도 제주시 연동4길 22 (연동)
제쭈도,"제주특별자치도 제주시 사장2길 12, 1층 (연동)"
너와나,"제주특별자치도 제주시 연동8길 21, 1층 (연동)"
용용선생제주연동점,"제주특별자치도 제주시 은남4길 46, 1-2층 (연동)"
판다마라집,"제주특별자치도 제주시 연동3길 33, 1층 (연동)"
잭아레나,"제주특별자치도 제주시 신광로 41, 2층 (연동)"
퍼사이공제주점,"제주특별자치도 제주시 연동8길 4, 1층 (연동)"
완미족발제주연동점,"제주특별자치도 제주시 은남4길 46, 2층 (연동)"
도원꼬치튀김객,"제주특별자치도 제주시 연동10길 13, 1층 (연동)"
하타나카연동점,"제주특별자치도 제주시 신대로12길 15, 1층 (연동)"
주식회사해마,"제주특별자치도 제주시 삼무로 28, 2층 (연동)"
오봉집연동점,"제주특별자치도 제주시 연삼로 20, 1층 (연동)"
파라나,"제주특별자치도 제주시 신대로 72, 지하1층 (연동, 현일센츄럴파크뷰)"
파사삭행목,"제주특별자치도 제주시 삼무로1길 4, 1층 (연동)"
커피비원,"제주특별자치도 제주시 연동4길 28-4, 성우빌 1층 (연동)"
제주에타,"제주특별자치도 제주시 연미길 101, 1층 (연동)"
검은고래,"제주특별자치도 제주시 은수길 69, 수목원 테마파크 관광지 내 (연동)"
얼라이브,"제주특별자치도 제주시 노연로 103, 2층 (연동)"
스톤헤이븐,"제주특별자치도 제주시 문송길 16, 1층 (연동)"
인베이드피씨카페,"제주특별자치도 제주시 선덕로 5, 2층 (연동)"
지에스25연동모디움점,"제주특별자치도 제주시 삼무로1길 10-9, 1층 105호 (연동)"
세븐일레븐연동국기점,"제주특별자치도 제주시 국기로3길 4, 1층 (연동)"
에스휴머물다,"제주특별자치도 제주시 삼동2길 15, 1층 (연동)"
공차제주연동신시가지점,"제주특별자치도 제주시 연북로 78, 성남빌딩 1층 (연동)"
공차제주연동점,"제주특별자치도 제주시 신광로 35, 1층 (연동)"
홍요깃거리애월점,"제주특별자치도 제주시 신대로13길 36-1, 1층 (연동)"
신제주마트휴게음식점,"제주특별자치도 제주시 신대로18길 56, 1층 (연동)"
길용당,"제주특별자치도 제주시 삼무로 76, 1층 (연동)"
에이바우트커피신라신성점,"제주특별자치도 제주시 노연로 62, 신성오피스텔 1층 (연동)"
까미노,"제주특별자치도 제주시 연동1길 14, 1층 (연동)"
씨유제주크라운점,"제주특별자치도 제주시 신광로 94, 1층 (연동)"
누베커피1,"제주특별자치도 제주시 국기로2길 13, 1층 (연동)"
지에스25신제주점,"제주특별자치도 제주시 선덕로 6, 1층 (연동)"
지에스25연오로점,"제주특별자치도 제주시 연오로 4, 1층 (연동)"
호타르트,"제주특별자치도 제주시 연동7길 41, 1층 (연동)"
세븐일레븐제주에어시티호텔점,"제주특별자치도 제주시 삼무로 56, 1층 (연동)"
세븐일레븐제주연동중앙점,"제주특별자치도 제주시 선덕로3길 19, 1층 102호 (연동)"
세븐일레븐제주연동청원점,"제주특별자치도 제주시 도령로 131, 청원빌딩 1층 (연동)"
호밀호두제주본점,"제주특별자치도 제주시 국기로 27, 1층 (연동)"
봄봄제원점,"제주특별자치도 제주시 노연로 103, 103호 (연동)"
지에스25제주연북점,"제주특별자치도 제주시 과원북4길 82, 1층 (연동)"
지에스25제주남녕점,"제주특별자치도 제주시 남녕로 28, 1층 (연동)"
인샵카페,"제주특별자치도 제주시 신광로 32, 1층 (연동)"
삼성웰스토리(주)호텔신라제주면세점카페,"제주특별자치도 제주시 제원4길 16, 2층 (연동)"
씨유신제주점,제주특별자치도 제주시 삼무로 62 (연동)
지에스25제주그랜드점,"제주특별자치도 제주시 연동4길 28, 1층 (연동)"
부림온천구내매점(남탕),"제주특별자치도 제주시 과원로 70, 지하1층 (연동)"
패밀리만두,제주특별자치도 제주시 국기로 9 (연동)
브라운,제주특별자치도 제주시 과원로 78 (연동)
힐링쉴드제주점,"제주특별자치도 제주시 도령로 95, 105호 (연동)"
지에스25연동신광점,"제주특별자치도 제주시 도령로 76, 1층 (연동)"
신,"제주특별자치도 제주시 신대로12길 51, 1층 4호 (연동, 로얄쇼핑센타)"
명품,제주특별자치도 제주시 성신로2길 21 (연동)
곰브라더스제원점,"제주특별자치도 제주시 노연로 83, 1층 (연동)"
해피로피씨,"제주특별자치도 제주시 신광로 39, 3층 (연동)"
지에스25제주신대로점,제주특별자치도 제주시 선덕로4길 22 (연동)
파스쿠찌제주제원점,"제주특별자치도 제주시 연동7길 26, 1층 (연동)"
커피보그,제주특별자치도 제주시 국기로 43 (연동)
빽다방제주제원점,"제주특별자치도 제주시 신광로 56, 1층 (연동)"
나무,제주특별자치도 제주시 연동7길 30 (연동)
파크사이드호텔구내,제주특별자치도 제주시 도령로 126 (연동)
짱구분식,"제주특별자치도 제주시 연동8길 28, 1층 9호 (연동)"
서희원꼬치닷컴,제주특별자치도 제주시 성신로 20 (연동)
가영케이크,"제주특별자치도 제주시 은남2길 14, 잇츠하우스 1층 101호 (연동)"
현대,제주특별자치도 제주시 신대로 68 (연동)
볕이드는곳벧디,"제주특별자치도 제주시 은수길 65, A동 (연동)"
둘리분식,"제주특별자치도 제주시 신광로 52, 밸리스빌딩 1층 101호 (연동)"
롯데불가마사우나내찜질방스넥,"제주특별자치도 제주시 신광로 52, 5층 (연동)"
롯데불가마사우나내매점,"제주특별자치도 제주시 신광로 52, 6층 (연동)"
세븐일레븐제주가이아호텔점,"제주특별자치도 제주시 연동7길 4 (연동,(1층))"
씨유제주대림점,제주특별자치도 제주시 과원북2길 48 (연동)
씨유제주한일시티점,"제주특별자치도 제주시 도령로 103, 102호 (연동)"
그랜드김밥,"제주특별자치도 제주시 신대로 109 (연동,외6필지)"
씨유제주연동중앙점,"제주특별자치도 제주시 은남4길 37, 1층 (연동)"
컴플리트,"제주특별자치도 제주시 국기로4길 1, 1층 (연동)"
GS25연동바다점,제주특별자치도 제주시 제원길 14 (연동)
소림김밥,제주특별자치도 제주시 국기로 31 (연동)
지에스25과원점,"제주특별자치도 제주시 과원로 51, 1층 (연동)"
씨유제주제성점,"제주특별자치도 제주시 제성1길 16, 1층 (연동)"
지에스25연동시티점,"제주특별자치도 제주시 성신로1길 25, 1층 (연동)"
망고식스신제주점,"제주특별자치도 제주시 연동7길 20, 2층 (연동)"
투썸플레이스제주연동점,제주특별자치도 제주시 신광로 79 (연동)
카페띠아모신제주점,"제주특별자치도 제주시 신광로 43-1 (연동,(1층))"
GS한라수목원,"제주특별자치도 제주시 수목원길 65-6, 1층 (연동)"
씨유제주은남점,"제주특별자치도 제주시 연동11길 21, 1층 (연동)"
아지트,"제주특별자치도 제주시 연동8길 7, 1층 (연동)"
수목원스낵,제주특별자치도 제주시 은수길 69 (연동)
지에스25제주도청점,제주특별자치도 제주시 신대로 63 (연동)
온에어PC방제주본점,"제주특별자치도 제주시 연동1길 3, 201호 (연동)"
디저트39연동점,"제주특별자치도 제주시 신광로 46, 1층 (연동)"
달콤커피제니아점,"제주특별자치도 제주시 은남1길 25, 1층 (연동)"
커피림,제주특별자치도 제주시 수목원길 27 (연동)
맛있는간식,"제주특별자치도 제주시 노연로 61, 103호 (연동)"
신전떡볶이연동직영점,"제주특별자치도 제주시 남녕로 36, 1층 105호 (연동, 영진그린빌라)"
나눔김밥,제주특별자치도 제주시 성신로 26 (연동)
수목원커피숍,제주특별자치도 제주시 은수길 69 (연동)
커피비터스윗,"제주특별자치도 제주시 선덕로3길 32, 제1호 1층 (연동)"
씨유연동세일점,"제주특별자치도 제주시 선덕로 17, 103호 (연동,세일연동연립주택)"
놀러와플,"제주특별자치도 제주시 신광로10길 25, 1층 (연동)"
퓨전상회,"제주특별자치도 제주시 연동7길 24, 1층 (연동)"
다올김밥분식,제주특별자치도 제주시 남녕로 48 (연동)
GS25연동국기점,제주특별자치도 제주시 국기로3길 11 (연동)
써브웨이신제주연동신시가지점,"제주특별자치도 제주시 국기로1길 2, 지하1~1층 (연동)"
보리빵마을,제주특별자치도 제주시 도령로 170 (연동)
에스페셜,"제주특별자치도 제주시 과원로 78, 1층 (연동)"
바세츠아이스크림제원점,"제주특별자치도 제주시 신광로 46, 1층 (연동)"
수제홍과일모찌,"제주특별자치도 제주시 연동14길 14, 1층 (연동)"
지에스25연동중앙점,"제주특별자치도 제주시 연동7길 35, 1층 (연동)"
다경,"제주특별자치도 제주시 신대로12길 51, 2호 (연동)"
진가커피,"제주특별자치도 제주시 제원1길 32, 1층 (연동)"
지에스25연동아산점,"제주특별자치도 제주시 사장길 26, 1층 102호 (연동)"
큰아들,제주특별자치도 제주시 연동9길 29 (연동)
GS25연동대림점,제주특별자치도 제주시 과원북4길 73 (연동)
비아제주,"제주특별자치도 제주시 삼무로9길 11, 1층 (연동)"
델문도제주도립미술관점,"제주특별자치도 제주시 1100로 2894-78 (연동,제주특별자치도립미술관)"
마마,"제주특별자치도 제주시 신대로8길 34, 1층 (연동)"
쏭툰,"제주특별자치도 제주시 삼무로7길 40, 3층 (연동)"
만땅피씨연동점,"제주특별자치도 제주시 도령로13길 13, 2층 (연동)"
아레나엑스피시방,"제주특별자치도 제주시 노연로 113, 6층 (연동)"
파스쿠찌제주한라병원점,"제주특별자치도 제주시 도령로 73, 2층 201호 (연동, 연동 펠리체)"
피자굽는아저씨,제주특별자치도 제주시 연동4길 12 (연동)
지에스25연동누리안,"제주특별자치도 제주시 신대로 144, 1층 (연동)"
대감님밥상앤덮밥집앤파스타비앤요맛나제주연동점,"제주특별자치도 제주시 성신로2길 21, 1층 (연동)"
농협중앙회북제주군지부구내,제주특별자치도 제주시 신대로 110 (연동)
플로베일배움터,"제주특별자치도 제주시 도령로 113, SK텔레콤 (연동)"
토방속에장독대,제주특별자치도 제주시 신대로14길 33 (연동)
씨유제주신성점,제주특별자치도 제주시 일주서로 7850 (연동)
삐끄니끄,"제주특별자치도 제주시 비월길 7, 1층 101호 (연동)"
엔제리너스한라수목원점,"제주특별자치도 제주시 수목원길 65-6, 1층 (연동)"
요거프레소바오젠점,"제주특별자치도 제주시 연동9길 18, 1층 (연동)"
쥬씨연동점,"제주특별자치도 제주시 신광로 46, 1층 (연동)"
씨유제주과원점,제주특별자치도 제주시 과원로 28 (연동)
노블레스호텔,"제주특별자치도 제주시 연동8길 31, 1층 (연동)"
베스킨라빈스연동점,"제주특별자치도 제주시 연북로 82, 신성빌딩 1층 (연동)"
지에스25제주연중점,"제주특별자치도 제주시 연동13길 9, 1층 (연동)"
미미,"제주특별자치도 제주시 노연로 77, 1층 (연동)"
리치망고신제주점,"제주특별자치도 제주시 국기로 14, 104호 (연동)"
심지유향,"제주특별자치도 제주시 노연로 89, 3층 (연동)"
아이갓에브리씽,"제주특별자치도 제주시 문연로 6, 1층 (연동)"
화목원,"제주특별자치도 제주시 연화남길 41, B동 1층 (연동)"
나무식탁,"제주특별자치도 제주시 도령로 170, 1층 (연동)"
하나로슈퍼,제주특별자치도 제주시 비월길 19 (연동)
아이언피씨구내,"제주특별자치도 제주시 신광로 17, 2층 201호 (연동, 기완에어텔)"
지에스25크라운점,"제주특별자치도 제주시 삼무로3길 26, 1층 (연동)"
롯데참피온백화점구내,"제주특별자치도 제주시 신광로 52 (연동,참피온백화점)"
삼광,"제주특별자치도 제주시 연삼로 38 (연동,,25)"
담소,"제주특별자치도 제주시 연동8길 29, 108호 (연동)"
베스킨라빈스롯데참피온점,"제주특별자치도 제주시 신광로 52 (연동,참피온백화점)"
춤추는염소들,제주특별자치도 제주시 연동12길 30 (연동)
스터딩키친열공부엌,"제주특별자치도 제주시 선덕로8길 26, 가동 1층 103호 (연동)"
마농떡볶이,제주특별자치도 제주시 연화로 49 (연동)
하나맘김밥,"제주특별자치도 제주시 귀아랑2길 14, 1층 (연동)"
삼해인관광호텔구내,제주특별자치도 제주시 도령로 108 (연동)
미쓰수제고로케신라면세점점,"제주특별자치도 제주시 신광로8길 3, 1층 (연동)"
메가엠지씨커피제주연동점,제주특별자치도 제주시 과원북2길 48 (연동)
일번가,제주특별자치도 제주시 신대로12길 51 (연동)
(주)지앤엘,제주특별자치도 제주시 삼무로 67 (연동)
탐앤탐스신제주점,제주특별자치도 제주시 신광로 52 (연동)
미스터피자신제주점,제주특별자치도 제주시 신광로 101 (연동)
2003원조신덴뿌라떡볶이,"제주특별자치도 제주시 신대로16길 30, 1층 (연동)"
서희원꼬지닷컴한라점,제주특별자치도 제주시 연화로 35 (연동)
이디야커피연동점,제주특별자치도 제주시 신광로 27 (연동)
미쓰고로케,"제주특별자치도 제주시 신광로 38, 1층 (연동)"
제주코아호텔구내,제주특별자치도 제주시 노연로 146 (연동)
석화,제주특별자치도 제주시 삼무로7길 24 (연동)
지정환임실치즈피자신제주점,"제주특별자치도 제주시 삼동2길 12, 1층 (연동)"
꼬또분식,제주특별자치도 제주시 비월길 30 (연동)
호텔스카이파크구내,제주특별자치도 제주시 삼무로 48 (연동)
망고버스연동점,"제주특별자치도 제주시 삼무로 56, 101호 (연동)"
세븐일레븐제주연동북타운점,"제주특별자치도 제주시 노연로 131, 두성빌딩 1층 (연동)"
이지,"제주특별자치도 제주시 제원1길 23, 1층 101호 (연동, 뉴제원)"
까페제주웰컴센터,"제주특별자치도 제주시 선덕로 23, 1층 (연동)"
주)에이스팜플러스,"제주특별자치도 제주시 신대로14길 56, 1층 (연동)"
플로베롯데점,"제주특별자치도 제주시 도령로 83, 제주연동롯데시티호텔 4층 (연동)"
세븐일레븐제주동서타워점,"제주특별자치도 제주시 연동1길 3, 1층 101호 (연동, 동서연동타워)"
지에스25연동신라점,"제주특별자치도 제주시 노연로 61, 다울하우스 1층 105호 (연동)"
드롭탑누웨모루점,"제주특별자치도 제주시 연동7길 24, 2층 (연동)"
메가엠지씨커피제주도청점,"제주특별자치도 제주시 신대로7길 3, 1층 (연동)"
팔공티노형점,"제주특별자치도 제주시 연화로 33, 1층 (연동)"
(주)파라볼레시더스카페제주연동점,"제주특별자치도 제주시 연오로 91, 1층 (연동)"
카페무,"제주특별자치도 제주시 신대로16길 47, 1층 (연동)"
청자다방제주1호점,"제주특별자치도 제주시 신대로14길 47, 1층 101호 (연동)"
토끼언니외계인,"제주특별자치도 제주시 연화로1길 22, 연동다가구주택 1층 (연동)"
유캔두잇신제주점,"제주특별자치도 제주시 신광로 93, 김스캐슬 1층 (연동)"
인피넛티,"제주특별자치도 제주시 연화로2길 29-12, 1층 (연동)"
세븐일레븐제주연미마을점,"제주특별자치도 제주시 연오로 95, 1층 101호 (연동, 연오빌라)"
에이더블유더블유더블유,"제주특별자치도 제주시 국기로4길 4, 1층 (연동)"
연동스카이브릿지피시,"제주특별자치도 제주시 신광로 20, 2층 (연동)"
에그드랍신제주연동점,"제주특별자치도 제주시 신대로14길 52, 1층 (연동)"
씨유제주연동아랑점,"제주특별자치도 제주시 신대로18길 16, 1층 105호 (연동, 삼다연동맨션)"
젬마초콜릿과자점,"제주특별자치도 제주시 삼무로11길 9, 1층 109호 (연동)"
더클럽하우스,"제주특별자치도 제주시 연삼로 51, 1층 (연동)"
오마뎅제주연동점,"제주특별자치도 제주시 연화로 41, 1층 101호 (연동)"
제라한속풀이,"제주특별자치도 제주시 은남3길 42, 103호 (연동, 삼성원룸)"
데일리커피앤디저트,"제주특별자치도 제주시 수목원길 25, 지하1층 (연동)"
태평양,"제주특별자치도 제주시 연동7길 8, 1층 제1호 (연동)"
씨유제주제성마을점,제주특별자치도 제주시 일주서로 7837 (연동)
송유기,"제주특별자치도 제주시 도령로 87, 현대오피스텔 1층 105호 (연동)"
세븐일레븐제주로얄점,"제주특별자치도 제주시 신대로12길 41, 1층 (연동)"
씨유제주트리플시티점,"제주특별자치도 제주시 연북로 106, 신제주 연동 트리플시티 113호 (연동)"
비하이브,"제주특별자치도 제주시 연화로2길 17, 1층 (연동)"
타이틀리그피씨카페,"제주특별자치도 제주시 연북로 74, 3층 (연동)"
에이바우트커피연북로점,"제주특별자치도 제주시 연북로 161, 1층 (연동)"
제주앨리스연동점,"제주특별자치도 제주시 국기중길 10, 1층 (연동)"
에이바우트커피삼무공원점,"제주특별자치도 제주시 신광로 20, 1층 (연동)"
볕이드는곳벧디2호,제주특별자치도 제주시 은수길 69 (연동)
미미고신제주연동점,"제주특별자치도 제주시 연동7길 14, 1층 (연동)"
카페토스피아제주연동점,"제주특별자치도 제주시 삼무로11길 9, 1층 108호 (연동)"
요거프레소제주제원점,"제주특별자치도 제주시 삼무로 36, 1층 (연동)"
국제꿀꽈배기,"제주특별자치도 제주시 연동1길 8, 1층 (연동)"
씨유제주연미길점,"제주특별자치도 제주시 연미길 101, 1층 (연동)"
트립1849,"제주특별자치도 제주시 연북로 88, 정민빌딩 2층 (연동)"
해를품은달,제주특별자치도 제주시 은수길 69 (연동)
윤스타푸드트럭,제주특별자치도 제주시 은수길 65 (연동)
컴포즈커피연동사거리점,"제주특별자치도 제주시 신대로 124, 1층 (연동)"
지에스25연동하이츠빌점,"제주특별자치도 제주시 신대로6길 14, 1층 (연동, 정우하이츠빌)"
요거트아이스크림맛집연동점,"제주특별자치도 제주시 노연로 103, 1층 109호 (연동, 제주연동리슈빌디에스)"
오빠생각타코야끼,"제주특별자치도 제주시 남녕로 32, 1층 (연동)"
세븐일레븐제주더호텔점,"제주특별자치도 제주시 삼무로 74, 1층 (연동)"
감성커피연동점,"제주특별자치도 제주시 신대로20길 46, 1층 102호 (연동, 연동가나휘닉스1)"
지에스25제주바오젠점,"제주특별자치도 제주시 신광로 21, 1층 (연동)"
지에스25연동베스트점,"제주특별자치도 제주시 성신로1길 30, 1층 (연동)"
바른식빵연동점,"제주특별자치도 제주시 과원북4길 57, 1층 (연동)"
지에스25연동은수길점,"제주특별자치도 제주시 수목원길 23, 1층 (연동)"
너븐팡,"제주특별자치도 제주시 신광로 102-1, 1층 (연동)"
감성커피한라병원점,"제주특별자치도 제주시 도령로 73, 104호 (연동, 연동 펠리체)"
씨유제주국기점,"제주특별자치도 제주시 국기로2길 27, 1층 (연동)"
세븐일레븐제주연동도호점,"제주특별자치도 제주시 연동12길 13, 1층 (연동)"
행복밀랩스앤길드,"제주특별자치도 제주시 은수길 7, 지하1층 (연동)"
크로플덕오리아가씨제주점,"제주특별자치도 제주시 신광로8길 24-1, 1층 101호 (연동, 하이브 0)"
씨유제주연동사거리점,"제주특별자치도 제주시 노연로 145, 1층 (연동)"
세븐일레븐제주에코블루점,"제주특별자치도 제주시 연북로 98, 에코 블루 1층 1호 (연동)"
지미네커피,"제주특별자치도 제주시 연동12길 27, 1층 (연동)"
사뿐,"제주특별자치도 제주시 도령로11길 19, 1층 101-1호 (연동, 현명모던2차아파트)"
비마이볼,"제주특별자치도 제주시 연동14길 7, 1층 (연동)"
에이바우트한라수목원점,"제주특별자치도 제주시 수목원길 35, 1층 (연동)"
씨유제주남해오네뜨점,"제주특별자치도 제주시 삼무로11길 9, 1층 (연동, 남해오네뜨)"
디저트39제주연동대야점,"제주특별자치도 제주시 국기로 19, 1층 (연동)"
제주연동긱스타빽다방,"제주특별자치도 제주시 연동13길 3, 1층 (연동, 진선엘트빌)"
원더캣츠,제주특별자치도 제주시 은수길 69 (연동)
로얄호텔지하매점,"제주특별자치도 제주시 신대로12길 45, 제주로얄호텔 지하1층 (연동)"
메가엠지씨커피제주롯데시티점,"제주특별자치도 제주시 도령로 74, 1층 (연동)"
컴포즈커피연동점,"제주특별자치도 제주시 과원북4길 89, 연동빌딩 1층 (연동)"
빅브라더,"제주특별자치도 제주시 신대로16길 44, 신제주종합시장 1층 (연동)"
보스턴수제버거,"제주특별자치도 제주시 신광로 28, 1층 (연동)"
씨유제주디오션시티점,"제주특별자치도 제주시 신광로 71, 1층 (연동)"
봄봄카페오일장점,"제주특별자치도 제주시 성신북길 36, 1층 101호 (연동, 삼성빌라)"
빽다방제주연동사거리점,"제주특별자치도 제주시 선덕로 1, 하늘그린오피스텔 1층 103호 (연동)"
줄리브신제주점,"제주특별자치도 제주시 수목원길 25, 1층 (연동)"
노기다제주특별자치도의회점,"제주특별자치도 제주시 문연로 13, 제주특별자치도의회 의사당 1층 (연동)"
샌드잇츠,"제주특별자치도 제주시 과원북4길 69, 효정빌딩3차 1층 (연동)"
앤유피시방신제주점,"제주특별자치도 제주시 신광로4길 28, 1층 (연동)"
배스킨라빈스제주도청점,"제주특별자치도 제주시 신대로 124, 1층 (연동)"
커피핌,"제주특별자치도 제주시 신대로16길 6, 1층 101호 (연동)"
해피로피씨제주연동점,"제주특별자치도 제주시 연북로 82, 신성빌딩 2층 (연동)"
아임누,"제주특별자치도 제주시 선덕로 36, 1층 제2호 (연동)"
디오커피랩,"제주특별자치도 제주시 과원로 70, 1층 (연동)"
세븐일레븐제주현대오피스텔점,"제주특별자치도 제주시 도령로 87, 현대오피스텔 1층 103호 (연동)"
봄봄신제주점,"제주특별자치도 제주시 신대로 67, 1층 (연동)"
푸르릇,"제주특별자치도 제주시 삼무로11길 9, 1층 110호 (연동, 남해오네뜨)"
세븐일레븐제주연동제일점,"제주특별자치도 제주시 연화로2길 1, 1층 (연동)"
헬시바비,"제주특별자치도 제주시 신광로6길 25, 2층 209호 (연동, 제원아파트)"
씨유제주스카이점,"제주특별자치도 제주시 노연로 117-1, 1층 (연동, 거송빌)"
이룸갤러리카페,"제주특별자치도 제주시 일주서로 7827-1, 2층 (연동)"
읍천리382제주연동점,"제주특별자치도 제주시 연북로 82, 신성빌딩 1층 (연동)"
세븐일레븐제주연동아이빌,"제주특별자치도 제주시 신대로22길 25, 아일랜드마이빌 1층 (연동)"
씨유제주연문로점,"제주특별자치도 제주시 연문2길 3, 1층 (연동)"
신동아사우나매점,"제주특별자치도 제주시 신대로10길 27, 2층 (연동)"
샐러두잇,"제주특별자치도 제주시 비월1길 12, 1층 (연동, 옥산빌라)"
오마이파운드,"제주특별자치도 제주시 은남4길 40, 1층 (연동)"
벌크커피신제주점,"제주특별자치도 제주시 삼무로 18, 제주연동 하우스디어반 1층 101호 (연동)"
로드33,"제주특별자치도 제주시 문송길 33, 행복채움 1층 101호 (연동)"
씨유제주제원중앙점,"제주특별자치도 제주시 제원3길 25, 1층 (연동)"
세븐일레븐제주연동길점,"제주특별자치도 제주시 연동13길 33, 1층 (연동)"
크라우드피시제원점,"제주특별자치도 제주시 연동7길 16, 3층 (연동)"
제주휘낭시에,"제주특별자치도 제주시 과원북4길 61, 1층 (연동)"
올래국수,"제주특별자치도 제주시 귀아랑길 24, 1층 (연동)"
지에스25연동서강점,"제주특별자치도 제주시 신대로16길 43, 광성빌딩 1층 (연동)"
원더샌드위치연동점,"제주특별자치도 제주시 귀아랑길 13, 1층 (연동)"
씨유제주연오로점,"제주특별자치도 제주시 연오로 108, 1층 (연동)"
도그헤븐,"제주특별자치도 제주시 삼무로 74, 2층 (연동)"
씨유제주연동센터점,"제주특별자치도 제주시 신광로 103, 신제주오피스텔 1층 107호 (연동)"
명식당신제주점,"제주특별자치도 제주시 사장길 28-1, 1층 (연동, 연동한두빌라)"
올리브나무,"제주특별자치도 제주시 연동8길 28, 1층 7호 (연동, 청목더웰연동)"
물,"제주특별자치도 제주시 삼무로11길 9, 1층 105호 (연동, 남해오네뜨)"
정직유부제주연동점,"제주특별자치도 제주시 연화로1길 9, 1층 (연동)"
씨유제주삼동점,"제주특별자치도 제주시 삼동길 20, 1층 (연동)"
커피커넥쳐스,"제주특별자치도 제주시 신대로22길 20, 1층 (연동)"
지에스25선덕점,"제주특별자치도 제주시 선덕로 26, 1층 106호 (연동, 고정아파트)"
오뚜기,"제주특별자치도 제주시 신대로12길 51 (연동,로얄쇼핑 B2.27,28호)"
1984에이치,"제주특별자치도 제주시 은수길 69, 수목원 테마파크 관광지 내 (연동)"
베트남,"제주특별자치도 제주시 은수길 69, 수목원 테마파크 관광지내 (연동)"
피그뱅,"제주특별자치도 제주시 은수길 69, 수목원 테마파크 관광지 내 (연동)"
디에이치푸드트럭,"제주특별자치도 제주시 은수길 69, 수목원 테마파크 관광지 내 (연동)"
테이크아웃제주,"제주특별자치도 제주시 은수길 69, 수목원 테마파크 관광지 내 (연동)"
달코넛해적단,"제주특별자치도 제주시 은수길 69, 수목원테마파크 관광지 내 (연동)"
진돼지푸드트럭,"제주특별자치도 제주시 은수길 69, 수목원 테마파크 관광지 내 (연동)"
서울촌놈인제주,"제주특별자치도 제주시 은수길 69, 수목원 테마파크 관광지 내 (연동)"
몽돌보롬,"제주특별자치도 제주시 은수길 69, 수목원 테마파크 관광지내 (연동)"
서프사이드그릴,"제주특별자치도 제주시 은수길 69, 수목원 테마파크 관광지 내 (연동)"
제주이씨,"제주특별자치도 제주시 은수길 69, 수목원 테마파크 관광지 내 (연동)"
와이키키제주,"제주특별자치도 제주시 은수길 69, 수목원 테마파크 관광지 내 (연동)"
공육사,"제주특별자치도 제주시 은수길 69, 수목원 테마파크 관광지 내 (연동)"
씨유제주다들점,"제주특별자치도 제주시 도령로15길 8, 1층 (연동)"
오늘쉐프연동점,"제주특별자치도 제주시 선덕로 22, 1층 103호 (연동, 연동 위더스빌)"
솔라니빙떡,"제주특별자치도 제주시 남녕로 36, 1층 101호 (연동, 영진그린빌라)"
씨유제주신광점,"제주특별자치도 제주시 성신로 20, 1층 (연동)"
보스턴스터디카페,"제주특별자치도 제주시 비월길 22, 1층 101호 (연동)"
세븐일레븐제주그랜드호텔점,"제주특별자치도 제주시 연동4길 8, 1층 (연동)"
세븐일레븐신대로점,"제주특별자치도 제주시 신대로 149, 1층 (연동)"
씨유제주신광새길점,"제주특별자치도 제주시 성신북길 19, 1층 (연동)"
부림온천구내매점(여탕),"제주특별자치도 제주시 과원로 70, 지하1층 (연동)"
카페이유,"제주특별자치도 제주시 남녕로 54, 1층 101호 (연동, 위더스빌)"
세븐일레븐제주삼무점,"제주특별자치도 제주시 삼무로9길 35, 1층 (연동)"
진품꽈배기,"제주특별자치도 제주시 신대로 147, 101호 (연동, 로스터빌)"
랭커피씨제주삼무점,"제주특별자치도 제주시 신광로 16, 지하1층 (연동)"
크라우드피씨방제주삼무점,"제주특별자치도 제주시 신광로 16, 1층 101호 (연동)"
에이치앤케이푸드,"제주특별자치도 제주시 도령북길 1, 1층 (연동)"
씨유제주삼무공원점,"제주특별자치도 제주시 삼무로3길 50, 1층 (연동)"
세븐일레븐제주펠리체점,"제주특별자치도 제주시 도령로 73, 1층 102호 (연동, 연동 펠리체)"
만가복,"제주특별자치도 제주시 연동1길 35, 1층 (연동)"
토라네코제주본점,"제주특별자치도 제주시 삼무로11길 9, 1층 103호 (연동, 남해오네뜨)"
지에스25연동가락점,"제주특별자치도 제주시 연동9길 26, 1층 (연동)"
영영상점연동38호상점,"제주특별자치도 제주시 연오로 95, 101호 (연동, 연오빌라)"
귀아랑2길베이커리카페,"제주특별자치도 제주시 귀아랑2길 8, 1층 (연동)"
메가엠지씨커피제주중앙중점,"제주특별자치도 제주시 선덕로 17, 1층 102호 (연동, 연동세일빌라)"
세븐일레븐제주연동노연점,"제주특별자치도 제주시 노연로 101, 영창빌딩 1층 (연동)"
카페노연로117,"제주특별자치도 제주시 노연로 117, 연동빌딩 1층 (연동)"
